,acc,uar
fold1,0.515,0.515
fold2,0.4925,0.4925
fold3,0.5325,0.5325
fold4,0.51625,0.51625
fold5,0.50625,0.50625
average,0.5125,0.5125
