,acc,uar
fold1,0.5544444444444444,0.5
fold2,0.44555555555555554,0.5005
fold3,0.5,0.5
fold4,0.498,0.498
fold5,0.498,0.498
average,0.4992,0.4993
