,acc,uar
fold1,0.8375,0.8375
fold2,0.8125,0.8125
fold3,0.7,0.7
fold4,0.8,0.8
fold5,0.7,0.7
average,0.7699999999999999,0.7699999999999999
