,acc,uar
fold1,0.5688888888888889,0.518
fold2,0.45111111111111113,0.50375
fold3,0.501,0.501
fold4,0.5,0.5
fold5,0.491,0.491
average,0.5024,0.50275
