,acc,uar
fold1,0.55,0.55
fold2,0.54375,0.54375
fold3,0.50125,0.50125
fold4,0.505,0.505
fold5,0.48625,0.48624999999999996
average,0.51725,0.51725
