,acc,uar
fold1,0.5244444444444445,0.4965
fold2,0.48444444444444446,0.51
fold3,0.505,0.505
fold4,0.484,0.484
fold5,0.504,0.504
average,0.5003777777777778,0.49989999999999996
