,acc,uar
fold1,0.5444444444444444,0.4975
fold2,0.5444444444444444,0.59
fold3,0.52,0.52
fold4,0.52,0.52
fold5,0.5,0.5
average,0.5257777777777777,0.5255
