,acc,uar
fold1,0.50375,0.50375
fold2,0.4875,0.4875
fold3,0.49875,0.49875
fold4,0.50875,0.50875
fold5,0.49875,0.49875
average,0.4995,0.4995
