,acc,uar
fold1,0.5533333333333333,0.499
fold2,0.4444444444444444,0.49875
fold3,0.501,0.501
fold4,0.501,0.501
fold5,0.5,0.5
average,0.49995555555555554,0.49995
