,acc,uar
fold1,0.6777777777777778,0.705
fold2,0.7222222222222222,0.6875
fold3,0.64,0.64
fold4,0.65,0.65
fold5,0.68,0.6799999999999999
average,0.674,0.6725
