,acc,uar
fold1,0.5444444444444444,0.4915
fold2,0.43444444444444447,0.48725
fold3,0.501,0.501
fold4,0.501,0.501
fold5,0.497,0.497
average,0.4955777777777778,0.49555
