,acc,uar
fold1,0.4925,0.49250000000000005
fold2,0.54,0.54
fold3,0.5575,0.5575
fold4,0.5075,0.5075
fold5,0.54375,0.54375
average,0.5282499999999999,0.5282500000000001
