,acc,uar
fold1,0.85,0.85
fold2,0.77375,0.7737499999999999
fold3,0.89625,0.89625
fold4,0.81625,0.81625
fold5,0.84,0.84
average,0.83525,0.8352499999999999
