,acc,uar
fold1,0.86875,0.86875
fold2,0.77,0.77
fold3,0.8575,0.8574999999999999
fold4,0.85,0.85
fold5,0.86375,0.86375
average,0.842,0.842
