,acc,uar
fold1,0.7764285714285715,0.7712812348299722
fold2,0.7885714285714286,0.7860103022526201
fold3,0.7821428571428571,0.7814950980392157
fold4,0.7885714285714286,0.7867521026214421
fold5,0.7985714285714286,0.7983633213162411
average,0.7868571428571428,0.7847804118118983
