,acc,uar
fold1,0.896875,0.896786557478996
fold2,0.898125,0.8963760210733577
fold3,0.899375,0.8994367482683604
fold4,0.86375,0.8639278481962049
fold5,0.881875,0.8822046227725696
average,0.8879999999999999,0.8877463595578977
