,acc,uar
fold1,0.9044444444444445,0.910241825064433
fold2,0.9127777777777778,0.9123898834896278
fold3,0.93,0.930192345579992
fold4,0.8815,0.8822618590359133
fold5,0.9295,0.929598084908652
average,0.9116444444444444,0.9129367996157235
