,acc,uar
fold1,0.92375,0.92375
fold2,0.8625,0.8625
fold3,0.84625,0.84625
fold4,0.8525,0.8525
fold5,0.845,0.845
average,0.866,0.866
