,acc,uar
fold1,0.5577777777777778,0.5045
fold2,0.45222222222222225,0.5065
fold3,0.508,0.508
fold4,0.502,0.502
fold5,0.499,0.499
average,0.5038,0.504
