,acc,uar
fold1,0.4975,0.4975
fold2,0.49125,0.49125
fold3,0.49375,0.49374999999999997
fold4,0.50875,0.50875
fold5,0.4925,0.4925
average,0.49675,0.49675
