,acc,uar
fold1,0.5555555555555556,0.5025
fold2,0.4222222222222222,0.475
fold3,0.52,0.52
fold4,0.52,0.52
fold5,0.5,0.5
average,0.5035555555555555,0.5035000000000001
