,acc,uar
fold1,0.505,0.505
fold2,0.50375,0.50375
fold3,0.50625,0.50625
fold4,0.5,0.5
fold5,0.49875,0.49875
average,0.50275,0.50275
