,acc,uar
fold1,0.5388888888888889,0.50525
fold2,0.47444444444444445,0.50575
fold3,0.533,0.533
fold4,0.473,0.473
fold5,0.477,0.477
average,0.4992666666666666,0.49879999999999997
