,acc,uar
fold1,0.5488888888888889,0.573625
fold2,0.5688888888888889,0.5596816976127321
fold3,0.4735,0.48065693138307247
fold4,0.4705,0.4747079025421185
fold5,0.496,0.49318225465719223
average,0.5115555555555555,0.516370757239023
