,acc,uar
fold1,0.565,0.5518578582172237
fold2,0.49785714285714283,0.493742799009634
fold3,0.4714285714285714,0.4711344582404754
fold4,0.5128571428571429,0.5131303893389078
fold5,0.5157142857142857,0.5080311919548977
average,0.5125714285714286,0.5075793393522277
