,acc,uar
fold1,0.63125,0.6319843597262953
fold2,0.585,0.5838835534213684
fold3,0.5475,0.5475691497923827
fold4,0.535,0.5355705033632567
fold5,0.565,0.5660635386531756
average,0.57275,0.5730142209912958
