,acc,uar
fold1,0.7885714285714286,0.798443491991879
fold2,0.7792857142857142,0.7835801014396229
fold3,0.7778571428571428,0.7804290507904803
fold4,0.8335714285714285,0.8354950916450796
fold5,0.8307142857142857,0.8307936585834668
average,0.8019999999999999,0.8057482788901057
