,acc,uar
fold1,0.908125,0.9110213577529223
fold2,0.84875,0.8504788577429923
fold3,0.86,0.8597491234320215
fold4,0.849375,0.8522755523728069
fold5,0.91,0.9095261608465476
average,0.87525,0.876610210429458
