,acc,uar
fold1,0.9044444444444445,0.8909006656946846
fold2,0.8994444444444445,0.906533586621407
fold3,0.8925,0.8908800652967159
fold4,0.93,0.9301913717223456
fold5,0.8885,0.8906616600181496
average,0.9029777777777778,0.9018334698706605
