,acc,rec,epoch,dataset
fold1,0.6688227684346701,0.6159570145300461,58,iemocap_crema-d
fold1,0.5930902111324377,0.6019847133555003,58,iemocap
fold1,0.7073170731707317,0.5943061205623156,58,crema-d
fold2,0.7227118644067797,0.6973937957543398,81,iemocap_crema-d
fold2,0.7377358490566037,0.6954305498588559,81,iemocap
fold2,0.7142857142857143,0.6461003656086215,81,crema-d
fold3,0.6782273603082851,0.6401714569051012,60,iemocap_crema-d
fold3,0.5741626794258373,0.5203947814421145,60,iemocap
fold3,0.7483870967741936,0.6192126142577026,60,crema-d
