,acc,rec,epoch,dataset
fold1,0.6023952095808384,0.4781185803988183,82,msp-improv
fold2,0.5876375952582558,0.502789696350168,94,msp-improv
