,acc,rec,epoch,dataset
fold1,0.5623800383877159,0.5912100129245363,98,iemocap
fold2,0.7811320754716982,0.8051970698614003,67,iemocap
fold3,0.5406698564593302,0.4768060327756548,76,iemocap
fold4,0.602996254681648,0.5804410574525517,75,iemocap
fold5,0.627906976744186,0.5940224158941808,77,iemocap
average,0.6230170403489156,0.6095353177816648,77,iemocap
