,acc,rec,epoch,dataset
fold1,0.7268292682926829,0.7107712162972686,83,crema-d
