,acc,rec,epoch,dataset
fold1,0.6191616766467066,0.5138013928496413,95,msp-improv
fold2,0.5783234546994073,0.481093214532255,84,msp-improv
fold3,0.5734265734265734,0.4834256936120561,91,msp-improv
fold4,0.5574837310195228,0.48512926467471923,95,msp-improv
fold5,0.49906542056074765,0.4035957343475489,72,msp-improv
average,0.5654921712705916,0.4734090600032442,72,msp-improv
