,acc,uar
fold1,0.92375,0.9237500000000001
fold2,0.85,0.85
fold3,0.83625,0.8362499999999999
fold4,0.9,0.9
fold5,0.875,0.875
average,0.877,0.877
