,acc,uar
fold1,0.8611111111111112,0.86975
fold2,0.85,0.8345
fold3,0.835,0.835
fold4,0.84,0.84
fold5,0.881,0.881
average,0.8534222222222223,0.85205
