,acc,uar
fold1,0.7225,0.7225
fold2,0.66625,0.66625
fold3,0.6675,0.6675
fold4,0.7025,0.7025
fold5,0.61375,0.61375
average,0.6745,0.6745
