,acc,uar
fold1,0.5588888888888889,0.5065
fold2,0.4533333333333333,0.5065
fold3,0.511,0.511
fold4,0.515,0.515
fold5,0.503,0.503
average,0.5082444444444445,0.5084000000000001
