,acc,uar
fold1,0.51125,0.51125
fold2,0.49875,0.49875
fold3,0.495,0.495
fold4,0.50625,0.50625
fold5,0.5075,0.5075000000000001
average,0.5037499999999999,0.5037499999999999
