,acc,uar
fold1,0.87125,0.87125
fold2,0.77875,0.77875
fold3,0.85375,0.85375
fold4,0.8575,0.8574999999999999
fold5,0.85875,0.85875
average,0.844,0.844
