,acc,uar,epoch,dataset
fold1,0.6327433628318584,0.6003504921008046,188,iemocap_msp-improv
fold2,0.6201052016364699,0.5753725223858107,196,iemocap_msp-improv
fold3,0.567139282735613,0.5187202765160712,177,iemocap_msp-improv
fold4,0.6160714285714286,0.6133516361227116,198,iemocap_msp-improv
fold5,0.5669072737368129,0.5004078880375262,167,iemocap_msp-improv
average,0.6005933099024365,0.5616405630325849,167,iemocap_msp-improv
