,acc,uar,epoch,dataset
fold1,0.654510556621881,0.6781311653291979,134,iemocap
fold2,0.7113207547169811,0.7133446219377649,169,iemocap
fold3,0.6124401913875598,0.5795278821417995,152,iemocap
fold4,0.6123595505617978,0.5818558516834379,136,iemocap
fold5,0.6265389876880985,0.5660706151689215,128,iemocap
average,0.6434340081952635,0.6237860272522243,128,iemocap
