,acc,uar,epoch,dataset
fold1,0.6725806451612903,0.62820973553053,199,msp-improv_crema-d
fold2,0.6420507996237065,0.6069352203823124,190,msp-improv_crema-d
fold3,0.670439414114514,0.609415966599716,198,msp-improv_crema-d
fold4,0.6627345844504021,0.6229440791423769,196,msp-improv_crema-d
fold5,0.6227160493827161,0.5878256584196813,199,msp-improv_crema-d
average,0.6541042985465257,0.6110661320149233,199,msp-improv_crema-d
