,acc,uar,epoch,dataset
fold1,0.6641074856046065,0.6881614425643791,195,iemocap
fold2,0.6735849056603773,0.6725123597058236,191,iemocap
fold3,0.6251993620414673,0.5949910621581409,164,iemocap
fold4,0.5880149812734082,0.5757658157083445,178,iemocap
fold5,0.640218878248974,0.6305923271002052,190,iemocap
average,0.6382251225657667,0.6324046014473785,190,iemocap
