,acc,uar,epoch,dataset
fold1,0.61437125748503,0.5439921850199444,166,msp-improv
fold2,0.5664690939881456,0.5008434041989984,190,msp-improv
fold3,0.5104895104895105,0.4848224377212485,192,msp-improv
fold4,0.5911062906724512,0.5980133502860776,192,msp-improv
fold5,0.5158878504672897,0.43591130623530583,186,msp-improv
average,0.5596648006204854,0.512716536692315,186,msp-improv
