,acc,uar,epoch,dataset
fold1,0.6179640718562874,0.5518814555496644,171,msp-improv
fold2,0.56731583403895,0.5162813768271678,189,msp-improv
fold3,0.5629370629370629,0.5060618605865124,192,msp-improv
fold4,0.613882863340564,0.6006092392456029,166,msp-improv
fold5,0.5149532710280373,0.4437774628629306,170,msp-improv
average,0.5754106206401804,0.5237222790143756,170,msp-improv
