,acc,uar,epoch,dataset
fold1,0.7082794307891332,0.7066549904093109,151,iemocap_crema-d
fold2,0.6976271186440678,0.7017573469552717,186,iemocap_crema-d
fold3,0.6859344894026975,0.6735494770936667,148,iemocap_crema-d
fold4,0.7020988490182803,0.6872929956067451,188,iemocap_crema-d
fold5,0.6826809015421115,0.6860726861351014,185,iemocap_crema-d
average,0.6953241578792582,0.6910654992400193,185,iemocap_crema-d
