,acc,uar,epoch,dataset
fold1,0.751219512195122,0.6961223912518139,154,crema-d
fold2,0.7216931216931217,0.6704224365870513,183,crema-d
fold3,0.7731182795698924,0.6527887858953401,90,crema-d
fold4,0.7327677624602333,0.6526363567290627,171,crema-d
fold5,0.7371727748691099,0.6839267665660782,188,crema-d
average,0.7431942901574959,0.6711793474058692,188,crema-d
