,acc,uar,epoch,dataset
fold1,0.6612903225806451,0.612510293027194,157,msp-improv_crema-d
fold2,0.6204139228598307,0.584305086746893,184,msp-improv_crema-d
fold3,0.6757656458055925,0.631010869343078,159,msp-improv_crema-d
fold4,0.6605898123324396,0.6220484676020303,199,msp-improv_crema-d
fold5,0.6054320987654321,0.5615623629235298,162,msp-improv_crema-d
average,0.644698360468788,0.602287415928545,162,msp-improv_crema-d
