,acc,uar,epoch,dataset
fold1,0.6423303834808259,0.5993363244622905,194,iemocap_msp-improv
fold2,0.6282875511396844,0.569613641299495,194,iemocap_msp-improv
fold3,0.5596330275229358,0.5079815975707619,172,iemocap_msp-improv
fold4,0.6215659340659341,0.5897669013646875,147,iemocap_msp-improv
fold5,0.5719044975013882,0.5102730325836247,166,iemocap_msp-improv
average,0.6047442787421538,0.5553942994561719,166,iemocap_msp-improv
