,acc,uar,epoch,dataset
fold1,0.7063389391979301,0.6930461858832877,158,iemocap_crema-d
fold2,0.6983050847457627,0.6896050418538819,190,iemocap_crema-d
fold3,0.6782273603082851,0.6697145865129399,188,iemocap_crema-d
fold4,0.6905890318212593,0.6483485628083171,197,iemocap_crema-d
fold5,0.6791221826809015,0.6934774153890093,190,iemocap_crema-d
average,0.6905165197508277,0.6788383584894871,190,iemocap_crema-d
