,acc,uar,epoch,dataset
fold1,0.7297560975609756,0.7006003691526916,197,crema-d
fold2,0.7195767195767195,0.6588464139958075,180,crema-d
fold3,0.7430107526881721,0.6902389524772607,189,crema-d
fold4,0.7221633085896076,0.632026982955463,176,crema-d
fold5,0.7392670157068063,0.6856133136103422,159,crema-d
average,0.7307547788244563,0.673465206438313,159,crema-d
