,acc,uar
fold1,0.565,0.565
fold2,0.56625,0.56625
fold3,0.53,0.53
fold4,0.565,0.565
fold5,0.5475,0.5475
average,0.5547500000000001,0.5547500000000001
