,acc,uar
fold1,0.63,0.58975
fold2,0.5044444444444445,0.54875
fold3,0.54,0.54
fold4,0.555,0.555
fold5,0.532,0.532
average,0.5522888888888889,0.5531
