,acc,uar
fold1,0.5825,0.5825
fold2,0.595,0.595
fold3,0.5325,0.5325
fold4,0.595,0.595
fold5,0.5725,0.5725
average,0.5754999999999999,0.5754999999999999
