,acc,uar
fold1,0.5955555555555555,0.5505
fold2,0.46555555555555556,0.5145
fold3,0.489,0.489
fold4,0.515,0.515
fold5,0.489,0.489
average,0.5108222222222223,0.5115999999999999
