,acc,uar
fold1,0.65,0.65
fold2,0.55,0.5499999999999999
fold3,0.5625,0.5625
fold4,0.6375,0.6375
fold5,0.575,0.5750000000000001
average,0.5950000000000001,0.595
