,acc,uar
fold1,0.7777777777777778,0.7625
fold2,0.6555555555555556,0.6625
fold3,0.72,0.72
fold4,0.75,0.75
fold5,0.69,0.69
average,0.7186666666666667,0.7169999999999999
