,acc,uar
fold1,0.8033333333333333,0.81275
fold2,0.7222222222222222,0.70675
fold3,0.704,0.704
fold4,0.69,0.69
fold5,0.781,0.781
average,0.7401111111111112,0.7388999999999999
