,acc,uar
fold1,0.76625,0.76625
fold2,0.78125,0.78125
fold3,0.79625,0.79625
fold4,0.82,0.8200000000000001
fold5,0.77375,0.7737499999999999
average,0.7875,0.7875
