,acc,uar,epoch,dataset
fold1,0.5738963531669866,0.5413390327908265,67,iemocap
fold2,0.6981132075471698,0.6593638589918779,113,iemocap
fold3,0.6267942583732058,0.5669488955253703,183,iemocap
fold4,0.5337078651685393,0.4991065873249781,136,iemocap
fold5,0.6019151846785226,0.5719254864146992,121,iemocap
average,0.6068853737868849,0.5677367722095503,121,iemocap
