,acc,uar,epoch,dataset
fold1,0.6372360844529751,0.6223479179458855,170,iemocap
fold2,0.7245283018867924,0.6785023973661872,180,iemocap
fold3,0.631578947368421,0.5907169540691264,193,iemocap
fold4,0.5393258426966292,0.5230544678820541,182,iemocap
fold5,0.6101231190150479,0.5615169291245423,195,iemocap
average,0.6285584590839731,0.5952277332775592,195,iemocap
