,acc,uar,epoch,dataset
fold1,0.6215568862275449,0.5351043078240699,148,msp-improv
fold2,0.5410668924640135,0.45052794576954097,118,msp-improv
fold3,0.5506993006993007,0.4789880934412086,137,msp-improv
fold4,0.5780911062906724,0.5153634244543335,188,msp-improv
fold5,0.48878504672897194,0.40537223579882425,171,msp-improv
average,0.5560398464821007,0.4770712014575954,171,msp-improv
