,acc,uar,epoch,dataset
fold1,0.7180487804878048,0.6165456185614621,192,crema-d
fold2,0.7015873015873015,0.6339927325372157,171,crema-d
fold3,0.7645161290322581,0.6490233615824702,189,crema-d
fold4,0.7253446447507953,0.6148892050348653,191,crema-d
fold5,0.7340314136125654,0.6551144783395906,171,crema-d
average,0.728705653894145,0.6339130792111207,171,crema-d
