,acc,uar,epoch,dataset
fold1,0.612094395280236,0.5699339099920482,198,iemocap_msp-improv
fold2,0.5932203389830508,0.5198667383243738,176,iemocap_msp-improv
fold3,0.5738115095913261,0.512562815728506,195,iemocap_msp-improv
fold4,0.6023351648351648,0.5714636748176422,199,iemocap_msp-improv
fold5,0.5591338145474736,0.4923016100120626,193,iemocap_msp-improv
average,0.5881190446474502,0.5332257497749265,193,iemocap_msp-improv
