,acc,uar,epoch,dataset
fold1,0.646774193548387,0.6005866756763005,196,msp-improv_crema-d
fold2,0.5912511759172154,0.5506689581030602,181,msp-improv_crema-d
fold3,0.6657789613848203,0.6118498028100504,198,msp-improv_crema-d
fold4,0.6235924932975871,0.5602590225798251,158,msp-improv_crema-d
fold5,0.5624691358024692,0.5107023199291714,194,msp-improv_crema-d
average,0.6179731919900957,0.5668133558196815,194,msp-improv_crema-d
