,acc,uar,epoch,dataset
fold1,0.605457227138643,0.5505503460770761,197,iemocap_msp-improv
fold2,0.586791350087668,0.5135581162869753,191,iemocap_msp-improv
fold3,0.5696413678065054,0.5121557151799403,171,iemocap_msp-improv
fold4,0.5858516483516484,0.5570560509598981,156,iemocap_msp-improv
fold5,0.5435868961687951,0.4746673226540207,162,iemocap_msp-improv
average,0.578265697910652,0.5215975102315821,162,iemocap_msp-improv
