,acc,uar,epoch,dataset
fold1,0.5952095808383233,0.5243089234331799,180,msp-improv
fold2,0.54614733276884,0.457783928053402,171,msp-improv
fold3,0.534965034965035,0.46470366733034113,191,msp-improv
fold4,0.5759219088937093,0.5203168044077134,199,msp-improv
fold5,0.5112149532710281,0.43285439408388476,196,msp-improv
average,0.5526917621473871,0.47999354346170425,196,msp-improv
