,acc,uar,epoch,dataset
fold1,0.6972833117723156,0.6663111790450104,199,iemocap_crema-d
fold2,0.6840677966101695,0.6532544319215431,178,iemocap_crema-d
fold3,0.6679511881824021,0.6457596023311265,189,iemocap_crema-d
fold4,0.6655382532159784,0.6267787193864452,180,iemocap_crema-d
fold5,0.6518386714116251,0.6305458644757604,167,iemocap_crema-d
average,0.6733358442384982,0.6445299594319771,167,iemocap_crema-d
