,acc,uar,epoch,dataset
fold1,0.688780487804878,0.5716899975914593,53,crema-d
fold2,0.7015873015873015,0.6216706886890966,141,crema-d
fold3,0.7559139784946236,0.6192159749522539,130,crema-d
fold4,0.7136797454931071,0.591041433913994,93,crema-d
fold5,0.7109947643979058,0.6227453500397458,120,crema-d
average,0.7141912555555632,0.6052726890373099,120,crema-d
