,acc,uar,epoch,dataset
fold1,0.6446236559139785,0.5926726316990303,198,msp-improv_crema-d
fold2,0.5912511759172154,0.5404027497849543,187,msp-improv_crema-d
fold3,0.6677762982689747,0.6031048991633216,173,msp-improv_crema-d
fold4,0.6203753351206435,0.5627182015684244,175,msp-improv_crema-d
fold5,0.5753086419753086,0.5343913403346437,195,msp-improv_crema-d
average,0.6198670214392241,0.5666579645100749,195,msp-improv_crema-d
