,acc,uar,epoch,dataset
fold1,0.7005174644243208,0.6860053657175487,184,iemocap_crema-d
fold2,0.6861016949152542,0.6693611208714767,185,iemocap_crema-d
fold3,0.6859344894026975,0.6555087403712934,199,iemocap_crema-d
fold4,0.6601218686526743,0.6196799806535964,178,iemocap_crema-d
fold5,0.6666666666666666,0.6548914872553194,193,iemocap_crema-d
average,0.6798684368123227,0.6570893389738468,193,iemocap_crema-d
