,acc,uar
fold1,0.5666666666666667,0.515
fold2,0.4666666666666667,0.52
fold3,0.51,0.51
fold4,0.5,0.5
fold5,0.48,0.48
average,0.5046666666666666,0.505
