,acc,uar
fold1,0.5666666666666667,0.5475
fold2,0.4888888888888889,0.505
fold3,0.58,0.58
fold4,0.54,0.54
fold5,0.59,0.59
average,0.5531111111111111,0.5525
