,acc,uar,epoch,dataset
fold1,0.6135693215339233,0.5752131121669162,187,iemocap_msp-improv
fold2,0.6043249561659848,0.5492562326326712,165,iemocap_msp-improv
fold3,0.567139282735613,0.5258126432787004,183,iemocap_msp-improv
fold4,0.5947802197802198,0.5779301001237902,196,iemocap_msp-improv
fold5,0.5646862853970017,0.5203582052235259,199,iemocap_msp-improv
average,0.5889000131225485,0.5497140586851208,199,iemocap_msp-improv
