,acc,uar,epoch,dataset
fold1,0.725853681564331,0.6604298949241638,146,crema-d
