,acc,uar,epoch,dataset
fold1,0.7095730918499353,0.6904683882116731,198,iemocap_crema-d
fold2,0.6888135593220339,0.6758271277216327,195,iemocap_crema-d
fold3,0.682723185613359,0.6733685152511788,181,iemocap_crema-d
fold4,0.6790792146242384,0.6438407714892,182,iemocap_crema-d
fold5,0.6844602609727165,0.669673589894464,197,iemocap_crema-d
average,0.6889298624764566,0.6706356785136297,197,iemocap_crema-d
