,acc,uar,epoch,dataset
fold1,0.7005174644243208,0.6973622868990432,155,iemocap_crema-d
fold2,0.6942372881355933,0.6717580166120759,188,iemocap_crema-d
fold3,0.6904303147077714,0.6839529729457824,175,iemocap_crema-d
fold4,0.6682464454976303,0.6271614349200956,166,iemocap_crema-d
fold5,0.66785290628707,0.6665965088581128,196,iemocap_crema-d
average,0.6842568838104771,0.6693662440470219,196,iemocap_crema-d
