,acc,uar,epoch,dataset
fold1,0.6261061946902655,0.585505308627803,173,iemocap_msp-improv
fold2,0.6130917592051431,0.542349690449148,182,iemocap_msp-improv
fold3,0.5713094245204337,0.5172933421862111,199,iemocap_msp-improv
fold4,0.5851648351648352,0.5655878554668707,191,iemocap_msp-improv
fold5,0.5535813436979455,0.5061890682550497,196,iemocap_msp-improv
average,0.5898507114557247,0.5433850529970166,196,iemocap_msp-improv
