,acc,uar,epoch,dataset
fold1,0.7297560975609756,0.6432762818354576,168,crema-d
fold2,0.7111111111111111,0.6585371907421413,190,crema-d
fold3,0.7526881720430108,0.6835497111215225,171,crema-d
fold4,0.7423117709437964,0.6700717208464166,182,crema-d
fold5,0.7549738219895288,0.7009353103226809,196,crema-d
average,0.7381681947296845,0.6712740429736438,196,crema-d
