,acc,uar,epoch,dataset
fold1,0.7239024390243902,0.6333058375074649,95,crema-d
fold2,0.7174603174603175,0.6688591995008023,158,crema-d
fold3,0.7430107526881721,0.6849405692039936,174,crema-d
fold4,0.7253446447507953,0.6147169343443079,89,crema-d
fold5,0.7078534031413612,0.6174675681521515,40,crema-d
average,0.7235143114130073,0.643858021741744,40,crema-d
