,acc,uar,epoch,dataset
fold1,0.647311806678772,0.5575166940689087,149,msp-improv_crema-d
fold2,0.604891836643219,0.5573036074638367,141,msp-improv_crema-d
fold3,0.6724367737770081,0.6111814379692078,108,msp-improv_crema-d
fold4,0.6359249353408813,0.5768194198608398,126,msp-improv_crema-d
fold5,0.5792592763900757,0.5355671644210815,185,msp-improv_crema-d
