,acc,uar,epoch,dataset
fold1,0.6239520958083832,0.5267803265985684,104,msp-improv
fold2,0.5715495342929721,0.4978520489320357,167,msp-improv
fold3,0.5646853146853147,0.5111397127922153,199,msp-improv
fold4,0.571583514099783,0.5385515999152363,168,msp-improv
fold5,0.502803738317757,0.4387070333924446,187,msp-improv
average,0.5669148394408421,0.5026061443261001,187,msp-improv
