,acc,uar,epoch,dataset
fold1,0.6446236559139785,0.5941129329918693,176,msp-improv_crema-d
fold2,0.6044214487300094,0.5690171377006384,199,msp-improv_crema-d
fold3,0.6677762982689747,0.6379521874402736,177,msp-improv_crema-d
fold4,0.6482573726541555,0.6051100615269448,187,msp-improv_crema-d
fold5,0.5871604938271605,0.5520809251122432,196,msp-improv_crema-d
average,0.6304478538788557,0.5916546489543938,196,msp-improv_crema-d
