,acc,uar,epoch,dataset
fold1,0.7024952173233032,0.734577476978302,178,iemocap
fold2,0.7075471878051758,0.6843860745429993,131,iemocap
fold3,0.6172248721122742,0.5878135561943054,176,iemocap
fold4,0.5936329364776611,0.5816600918769836,155,iemocap
fold5,0.6087551116943359,0.5896155834197998,195,iemocap
