,acc,uar,epoch,dataset
fold1,0.6890595009596929,0.6944611213561017,188,iemocap
fold2,0.7433962264150943,0.769426748728387,197,iemocap
fold3,0.6395534290271132,0.5929392833313709,102,iemocap
fold4,0.5636704119850188,0.5405101656538437,153,iemocap
fold5,0.6046511627906976,0.5509262805913289,126,iemocap
average,0.6480661462355233,0.6296527199322065,126,iemocap
