,acc,uar,epoch,dataset
fold1,0.6494623655913978,0.6152637437624793,191,msp-improv_crema-d
fold2,0.6067732831608654,0.5746519423293338,158,msp-improv_crema-d
fold3,0.6671105193075899,0.64140554288938,175,msp-improv_crema-d
fold4,0.6498659517426274,0.6198929026864775,194,msp-improv_crema-d
fold5,0.5802469135802469,0.5363288913725875,176,msp-improv_crema-d
average,0.6306918066765455,0.5975086046080517,176,msp-improv_crema-d
