,acc,uar,epoch,dataset
fold1,0.690978886756238,0.7012909699876284,174,iemocap
fold2,0.7056603773584905,0.6548881759179851,184,iemocap
fold3,0.6379585326953748,0.6104936685826831,158,iemocap
fold4,0.5936329588014981,0.5873169082939198,179,iemocap
fold5,0.612859097127223,0.5622940243015091,184,iemocap
average,0.6482179705477649,0.6232567494167449,184,iemocap
