,acc,uar,epoch,dataset
fold1,0.6071856287425149,0.5385430553143706,163,msp-improv
fold2,0.5453005927180355,0.46646840833239145,168,msp-improv
fold3,0.5437062937062938,0.4805560450633509,184,msp-improv
fold4,0.5672451193058569,0.5408931977113796,195,msp-improv
fold5,0.5214953271028038,0.45385062365667256,199,msp-improv
average,0.556986592315101,0.49606226601563297,199,msp-improv
