,acc,uar
fold1,0.5566666666666666,0.5025
fold2,0.44666666666666666,0.5015
fold3,0.506,0.506
fold4,0.497,0.497
fold5,0.501,0.501
average,0.5014666666666667,0.5016
