,acc,uar
fold1,0.51,0.51
fold2,0.48875,0.48875
fold3,0.47,0.47
fold4,0.51125,0.51125
fold5,0.4825,0.4825
average,0.4925,0.4925
