,acc,uar
fold1,0.53875,0.5387500000000001
fold2,0.4425,0.4425
fold3,0.525,0.5249999999999999
fold4,0.48375,0.48375
fold5,0.51,0.51
average,0.5,0.5
