,acc,uar
fold1,0.5355555555555556,0.49475
fold2,0.43777777777777777,0.47325
fold3,0.461,0.461
fold4,0.463,0.463
fold5,0.497,0.497
average,0.47886666666666666,0.47780000000000006
