,acc,uar
fold1,0.6444444444444445,0.6125
fold2,0.5,0.5475
fold3,0.5,0.5
fold4,0.51,0.51
fold5,0.51,0.51
average,0.5328888888888889,0.5359999999999999
