,acc,uar,epoch,dataset
fold1,0.6575268817204301,0.5801153936670904,143,msp-improv_crema-d
fold2,0.583725305738476,0.5506256361856116,150,msp-improv_crema-d
fold3,0.655792276964048,0.6141766820848318,190,msp-improv_crema-d
fold4,0.6396782841823057,0.5971007635681626,179,msp-improv_crema-d
fold5,0.6088888888888889,0.5761402256036083,156,msp-improv_crema-d
average,0.6291223274988298,0.5836317402218609,156,msp-improv_crema-d
