,acc,uar,epoch,dataset
fold1,0.6813819577735125,0.6953708525068644,173,iemocap
fold2,0.6320754716981132,0.6612571970336706,195,iemocap
fold3,0.5980861244019139,0.5689608019438468,182,iemocap
fold4,0.5917602996254682,0.5828670371773821,184,iemocap
fold5,0.6087551299589603,0.5853608992978118,199,iemocap
average,0.6224117966915936,0.6187633575919151,199,iemocap
