,acc,uar,epoch,dataset
fold1,0.6261061946902655,0.5728328970599871,186,iemocap_msp-improv
fold2,0.5827001753360608,0.5339789512488198,189,iemocap_msp-improv
fold3,0.5571309424520434,0.5007351617837859,192,iemocap_msp-improv
fold4,0.5968406593406593,0.5776729580378367,151,iemocap_msp-improv
fold5,0.5596890616324264,0.5128803599356836,162,iemocap_msp-improv
average,0.5844934066902912,0.5396200656132225,162,iemocap_msp-improv
