,acc,uar,epoch,dataset
fold1,0.6775431861804223,0.6892792838700911,195,iemocap
fold2,0.6528301886792452,0.6911015437020336,169,iemocap
fold3,0.6251993620414673,0.5830724232790641,169,iemocap
fold4,0.552434456928839,0.5055298256447681,103,iemocap
fold5,0.6019151846785226,0.6076966733316375,195,iemocap
average,0.6219844757016993,0.6153359499655189,195,iemocap
