,acc,uar,epoch,dataset
fold1,0.6023952095808384,0.4947338407351626,131,msp-improv
fold2,0.5732430143945809,0.47153169756780694,110,msp-improv
fold3,0.5524475524475524,0.4769757385013304,191,msp-improv
fold4,0.6073752711496746,0.5703644840008476,125,msp-improv
fold5,0.508411214953271,0.4279047728807292,95,msp-improv
average,0.5687744525051834,0.4883021067371753,95,msp-improv
