,acc,uar,epoch,dataset
fold1,0.6095808383233533,0.5224425552416299,175,msp-improv
fold2,0.5647756138865369,0.5029002499492153,189,msp-improv
fold3,0.5402097902097902,0.47197387607399405,198,msp-improv
fold4,0.5976138828633406,0.5646376350921806,195,msp-improv
fold5,0.5177570093457944,0.45930047906447924,185,msp-improv
average,0.5659874269257631,0.5042509590842998,185,msp-improv
