,acc,uar,epoch,dataset
fold1,0.7375609756097561,0.6669741926593369,176,crema-d
fold2,0.7185185185185186,0.6836617444762134,143,crema-d
fold3,0.7666666666666667,0.6601413189316131,136,crema-d
fold4,0.711558854718982,0.6503660843639578,147,crema-d
fold5,0.7664921465968586,0.7128998370014128,153,crema-d
average,0.7401594324221563,0.6748086354865068,153,crema-d
