,acc,uar,epoch,dataset
fold1,0.6283185840707964,0.5844396113812883,190,iemocap_msp-improv
fold2,0.5821157218001168,0.5096610992057637,191,iemocap_msp-improv
fold3,0.5721434528773979,0.5277911649482586,198,iemocap_msp-improv
fold4,0.6009615384615384,0.5800428650155479,196,iemocap_msp-improv
fold5,0.5702387562465298,0.5151254316656119,178,iemocap_msp-improv
average,0.5907556106912758,0.5434120344432941,178,iemocap_msp-improv
