,acc,uar,epoch,dataset
fold1,0.7346341463414634,0.701320768254192,155,crema-d
fold2,0.7111111111111111,0.6823833912251716,196,crema-d
fold3,0.7182795698924731,0.7068469450474797,153,crema-d
fold4,0.7200424178154825,0.6610056383880004,144,crema-d
fold5,0.7560209424083769,0.7142192130609499,173,crema-d
average,0.7280176375137815,0.6931551911951587,173,crema-d
