,acc,uar,epoch,dataset
fold1,0.6505376344086021,0.6136940982396488,140,msp-improv_crema-d
fold2,0.5973659454374413,0.5816360639063247,199,msp-improv_crema-d
fold3,0.6671105193075899,0.6150131129930758,187,msp-improv_crema-d
fold4,0.6294906166219839,0.60178889462485,135,msp-improv_crema-d
fold5,0.6054320987654321,0.559638103977307,184,msp-improv_crema-d
average,0.6299873629082099,0.5943540547482413,184,msp-improv_crema-d
