,acc,uar,epoch,dataset
fold1,0.6979301423027167,0.6917991060153765,199,iemocap_crema-d
fold2,0.679322033898305,0.6797106387422717,182,iemocap_crema-d
fold3,0.6769428387925498,0.6640362114627825,181,iemocap_crema-d
fold4,0.6831415030467163,0.6619788837833408,188,iemocap_crema-d
fold5,0.6725978647686833,0.6903038100556597,181,iemocap_crema-d
average,0.6819868765617942,0.6775657300118862,181,iemocap_crema-d
