,acc,uar,epoch,dataset
fold1,0.6953428201811126,0.6711179678479242,180,iemocap_crema-d
fold2,0.671864406779661,0.6583447796879661,182,iemocap_crema-d
fold3,0.6878612716763006,0.6813241785580675,178,iemocap_crema-d
fold4,0.6621530128639134,0.6341464943348496,167,iemocap_crema-d
fold5,0.6666666666666666,0.674447120853894,181,iemocap_crema-d
average,0.6767776356335309,0.6638761082565402,181,iemocap_crema-d
