,acc,uar
fold1,0.5577777777777778,0.50325
fold2,0.45444444444444443,0.50875
fold3,0.499,0.499
fold4,0.504,0.504
fold5,0.497,0.497
average,0.5024444444444445,0.5024
