,acc,uar
fold1,0.95875,0.95875
fold2,0.8725,0.8725
fold3,0.87375,0.87375
fold4,0.87125,0.8712500000000001
fold5,0.87125,0.87125
average,0.8895,0.8895
