,acc,uar
fold1,0.6666666666666666,0.665
fold2,0.6,0.615
fold3,0.61,0.61
fold4,0.66,0.6599999999999999
fold5,0.64,0.64
average,0.6353333333333333,0.638
