,acc,uar
fold1,0.905,0.8915392352987714
fold2,0.8966666666666666,0.9035719846781477
fold3,0.8935,0.8918963254593175
fold4,0.9305,0.9306898762088859
fold5,0.889,0.8911504185714243
average,0.9029333333333334,0.9017695680433094
