,acc,uar
fold1,0.8228571428571428,0.8222216737014456
fold2,0.7942857142857143,0.7946241487689889
fold3,0.8128571428571428,0.8124897624897625
fold4,0.84,0.8410103040554344
fold5,0.8585714285714285,0.857544302345587
average,0.8257142857142856,0.8255780382722436
