,acc,uar
fold1,0.898125,0.9011443162030106
fold2,0.845,0.8467467680228051
fold3,0.836875,0.8366130413315083
fold4,0.83125,0.8343514828186298
fold5,0.890625,0.8901360076504303
average,0.860375,0.8617983232052768
