,acc,uar,epoch,dataset
fold1,0.592814371257485,0.5260487566336872,167,msp-improv
fold2,0.5512277730736664,0.4780370316609593,192,msp-improv
fold3,0.5629370629370629,0.5009732280760579,191,msp-improv
fold4,0.579175704989154,0.5625662216571308,172,msp-improv
fold5,0.5205607476635514,0.4505750432762966,189,msp-improv
average,0.5613431319841841,0.5036400562608263,189,msp-improv
