,acc,uar,epoch,dataset
fold1,0.5892215568862276,0.5162557021446644,184,msp-improv
fold2,0.558848433530906,0.48371674047893426,188,msp-improv
fold3,0.5524475524475524,0.46801604743231756,168,msp-improv
fold4,0.586767895878525,0.5520555202373384,198,msp-improv
fold5,0.514018691588785,0.43395814923079595,193,msp-improv
average,0.5602608260663993,0.4908004319048101,193,msp-improv
