,acc,uar,epoch,dataset
fold1,0.6794625719769674,0.6923584079621617,186,iemocap
fold2,0.6641509433962264,0.6773705191953798,151,iemocap
fold3,0.6220095693779905,0.5887902336683687,194,iemocap
fold4,0.5749063670411985,0.5692592475638453,183,iemocap
fold5,0.5896032831737346,0.5686062126204575,182,iemocap
average,0.6260265469932234,0.6192769242020426,182,iemocap
