,acc,uar,epoch,dataset
fold1,0.6966364812419146,0.6797247118295168,190,iemocap_crema-d
fold2,0.6644067796610169,0.6452558636482327,198,iemocap_crema-d
fold3,0.6833654463712268,0.6736037680090357,196,iemocap_crema-d
fold4,0.6614759647935003,0.6155361986505992,164,iemocap_crema-d
fold5,0.6737841043890866,0.6719167208259487,195,iemocap_crema-d
average,0.675933755291349,0.6572074525926667,195,iemocap_crema-d
