,acc,uar,epoch,dataset
fold1,0.7307317073170732,0.6465712254086255,196,crema-d
fold2,0.7047619047619048,0.6438713354701683,196,crema-d
fold3,0.7430107526881721,0.6747002353777285,177,crema-d
fold4,0.7264050901378579,0.6312182876159657,165,crema-d
fold5,0.7382198952879581,0.6897495707894307,180,crema-d
average,0.7286258700385931,0.6572221309323838,180,crema-d
