,acc,uar,epoch,dataset
fold1,0.6386430678466076,0.5781481592048989,191,iemocap_msp-improv
fold2,0.5856224430157803,0.5216708664098122,191,iemocap_msp-improv
fold3,0.5629691409507923,0.4991786589017262,182,iemocap_msp-improv
fold4,0.6057692307692307,0.5788438665342934,195,iemocap_msp-improv
fold5,0.5641310383120489,0.5102996703093912,182,iemocap_msp-improv
average,0.591426984178892,0.5376282442720244,182,iemocap_msp-improv
