,acc,uar,epoch,dataset
fold1,0.6526881720430108,0.5915495676313779,180,msp-improv_crema-d
fold2,0.5926622765757291,0.546249517566996,187,msp-improv_crema-d
fold3,0.6591211717709721,0.6090586755136529,193,msp-improv_crema-d
fold4,0.6268096514745308,0.5817552709979987,196,msp-improv_crema-d
fold5,0.5985185185185186,0.5627781956710097,178,msp-improv_crema-d
average,0.6259599580765524,0.5782782454762071,178,msp-improv_crema-d
