,acc,uar,epoch,dataset
fold1,0.7258536585365853,0.6083220091634489,155,crema-d
fold2,0.7005291005291006,0.643029288831503,199,crema-d
fold3,0.7677419354838709,0.631787447395511,129,crema-d
fold4,0.7200424178154825,0.6583073863236023,195,crema-d
fold5,0.7413612565445026,0.6694051340396753,154,crema-d
average,0.7311056737819084,0.642170253150748,154,crema-d
