,acc,uar,epoch,dataset
fold1,0.6972833117723156,0.675974481025781,188,iemocap_crema-d
fold2,0.6711864406779661,0.6772667868605381,176,iemocap_crema-d
fold3,0.6852922286448297,0.6673840587078165,179,iemocap_crema-d
fold4,0.6614759647935003,0.6361736173087282,177,iemocap_crema-d
fold5,0.6797153024911032,0.6699536307854126,184,iemocap_crema-d
average,0.678990649675943,0.6653505149376553,184,iemocap_crema-d
