,acc,uar,epoch,dataset
fold1,0.6559139784946236,0.6092795881502314,199,msp-improv_crema-d
fold2,0.5936030103480715,0.5766796290510967,187,msp-improv_crema-d
fold3,0.677762982689747,0.624210959882856,184,msp-improv_crema-d
fold4,0.6337801608579089,0.6016070386095024,170,msp-improv_crema-d
fold5,0.6014814814814815,0.5471402044294822,198,msp-improv_crema-d
average,0.6325083227743665,0.5917834840246338,198,msp-improv_crema-d
