,acc,uar,epoch,dataset
fold1,0.6157817109144543,0.560588569750255,169,iemocap_msp-improv
fold2,0.5838690824079485,0.5234688008645056,189,iemocap_msp-improv
fold3,0.572977481234362,0.5235654435181146,188,iemocap_msp-improv
fold4,0.5913461538461539,0.5698189707819952,163,iemocap_msp-improv
fold5,0.5585785674625208,0.5078020824502274,164,iemocap_msp-improv
average,0.5845105991730879,0.5370487734730196,164,iemocap_msp-improv
