,acc,uar,epoch,dataset
fold1,0.6007677543186181,0.5462460278884046,56,iemocap
fold2,0.6716981132075471,0.6809147443503971,170,iemocap
fold3,0.5917065390749602,0.525754721356982,122,iemocap
fold4,0.5692883895131086,0.5400687807297003,189,iemocap
fold5,0.5978112175102599,0.611333580804884,149,iemocap
average,0.6062544027248988,0.5808635710260737,149,iemocap
