,acc,uar
fold1,0.48125,0.48125
fold2,0.50375,0.5037499999999999
fold3,0.54375,0.54375
fold4,0.51375,0.51375
fold5,0.50125,0.50125
average,0.50875,0.50875
