,acc,uar
fold1,0.5544444444444444,0.49974999999999997
fold2,0.46,0.514
fold3,0.504,0.504
fold4,0.509,0.509
fold5,0.503,0.503
average,0.5060888888888889,0.50595
