,acc,uar
fold1,0.5611111111111111,0.50825
fold2,0.4622222222222222,0.51525
fold3,0.508,0.508
fold4,0.509,0.509
fold5,0.502,0.502
average,0.5084666666666667,0.5085
