,acc,uar
fold1,0.49125,0.49125
fold2,0.5125,0.5125
fold3,0.49125,0.49125
fold4,0.54375,0.54375
fold5,0.47875,0.47875
average,0.5035000000000001,0.5035000000000001
