,acc,uar,epoch,dataset
fold1,0.6494623655913978,0.5924280672719411,180,msp-improv_crema-d
fold2,0.6044214487300094,0.5598861974631717,145,msp-improv_crema-d
fold3,0.6684420772303595,0.6222405783392276,167,msp-improv_crema-d
fold4,0.6353887399463807,0.626179050749705,166,msp-improv_crema-d
fold5,0.5871604938271605,0.5637923708389319,197,msp-improv_crema-d
average,0.6289750250650616,0.5929052529325954,197,msp-improv_crema-d
