,acc,uar,epoch,dataset
fold1,0.6946959896507116,0.6866953275660599,189,iemocap_crema-d
fold2,0.7057627118644068,0.6961836144366015,194,iemocap_crema-d
fold3,0.6795118818240206,0.666747319615604,144,iemocap_crema-d
fold4,0.6790792146242384,0.6643267781953068,177,iemocap_crema-d
fold5,0.6571767497034401,0.6580324453741919,169,iemocap_crema-d
average,0.6832453095333635,0.6743970970375528,169,iemocap_crema-d
