,acc,rec,epoch,dataset
fold1,0.6956097560975609,0.5785088158394924,80,crema-d
fold2,0.674074074074074,0.5798275792620333,42,crema-d
fold3,0.7537634408602151,0.6124466515306302,61,crema-d
fold4,0.7083775185577943,0.690195689601327,92,crema-d
fold5,0.7089005235602094,0.6231464546242587,60,crema-d
average,0.7081450626299708,0.6168250381715483,60,crema-d
