,acc,uar,epoch,dataset
fold1,0.6167664670658682,0.5494580417746314,197,msp-improv
fold2,0.5817104149026249,0.5022824010126483,152,msp-improv
fold3,0.5594405594405595,0.49238210866228826,164,msp-improv
fold4,0.5780911062906724,0.5690983259165077,196,msp-improv
fold5,0.5046728971962616,0.4451354238767219,182,msp-improv
average,0.5681362889791973,0.5116712602485596,182,msp-improv
