,acc,rec,epoch,dataset
fold1,0.6890595009596929,0.6895780984409293,99,iemocap
fold2,0.6679245283018868,0.709630508403942,64,iemocap
fold3,0.6251993620414673,0.5456803107015046,39,iemocap
fold4,0.5636704119850188,0.5543840259357501,70,iemocap
fold5,0.5937072503419972,0.5692046550286022,64,iemocap
average,0.6279122107260126,0.6136955197021456,64,iemocap
