,acc,uar,epoch,dataset
fold1,0.637905604719764,0.6044045786980384,195,iemocap_msp-improv
fold2,0.6037405026300409,0.5472184394802532,195,iemocap_msp-improv
fold3,0.5796497080900751,0.5377967628915077,183,iemocap_msp-improv
fold4,0.5961538461538461,0.5740987953583231,196,iemocap_msp-improv
fold5,0.5769017212659634,0.5277869027783223,199,iemocap_msp-improv
average,0.5988702765719378,0.5582610958412889,199,iemocap_msp-improv
