,acc,uar
fold1,0.8833333333333333,0.88375
fold2,0.8566666666666667,0.8545152669472089
fold3,0.823,0.8238517118185168
fold4,0.835,0.8362152815303145
fold5,0.8565,0.8572874655911913
average,0.8509,0.8511239451774465
