,acc,uar
fold1,0.7464285714285714,0.7438664578652323
fold2,0.7542857142857143,0.7527843829415177
fold3,0.7885714285714286,0.7884472526306336
fold4,0.7521428571428571,0.7523272145283513
fold5,0.7428571428571429,0.7396060911047287
average,0.7568571428571429,0.7554062798140928
