,acc,uar
fold1,0.88625,0.8874980465697766
fold2,0.82625,0.8262499999999999
fold3,0.855625,0.8574459505713228
fold4,0.84875,0.8494274856871422
fold5,0.8325,0.8347923123449786
average,0.8498749999999999,0.8510827590346441
