,acc,uar
fold1,0.84,0.8400000000000001
fold2,0.73,0.73
fold3,0.785,0.7849999999999999
fold4,0.87375,0.87375
fold5,0.84,0.84
average,0.81375,0.81375
