,acc,rec,epoch,dataset
fold1,0.6095808383233533,0.49757430276267023,71,msp-improv
fold2,0.5749364944961897,0.5032143478256603,88,msp-improv
