,acc,rec,epoch,dataset
fold1,0.6095808383233533,0.49757430276267023,71,msp-improv
fold2,0.5749364944961897,0.5032143478256603,88,msp-improv
fold3,0.5821678321678322,0.4997554960082884,86,msp-improv
fold4,0.5639913232104121,0.5029561347743166,71,msp-improv
fold5,0.48598130841121495,0.40712925506996617,83,msp-improv
average,0.5633315593218005,0.48212590728818033,83,msp-improv
