,acc,rec,epoch,dataset
fold1,0.6046065259117083,0.5675974764783892,81,iemocap
fold2,0.720754716981132,0.6690895053266275,81,iemocap
fold3,0.6012759170653907,0.5276594093531571,86,iemocap
fold4,0.5037453183520599,0.47448423224285297,13,iemocap
