,acc,rec,epoch,dataset
fold1,0.7365853658536585,0.6406939283032933,65,crema-d
fold2,0.7121693121693121,0.6429044080802925,90,crema-d
