,acc,rec,epoch,dataset
fold1,0.6946959896507116,0.6875568195001422,78,iemocap_crema-d
fold1,0.6602687140115163,0.6859364025482209,78,iemocap
fold1,0.7121951219512195,0.6666303654468089,78,crema-d
fold2,0.6894915254237288,0.6762850048111858,93,iemocap_crema-d
fold2,0.6509433962264151,0.5674661780543387,93,iemocap
fold2,0.7111111111111111,0.6650625668568373,93,crema-d
