,acc,uar
fold1,0.5444444444444444,0.534829893468637
fold2,0.5766666666666667,0.5773620168353158
fold3,0.5525,0.5523853386259738
fold4,0.5585,0.5585144260773551
fold5,0.587,0.5880102717080866
average,0.5638222222222222,0.5622203893430736
