,acc,uar
fold1,0.5592857142857143,0.5612138550928816
fold2,0.535,0.5347518296086815
fold3,0.625,0.6251228501228501
fold4,0.585,0.5846497252747253
fold5,0.5464285714285714,0.5423992470758432
average,0.5701428571428571,0.5696275014349963
