,acc,uar
fold1,0.59625,0.5962916601470818
fold2,0.56625,0.5647141573209331
fold3,0.564375,0.564067226680667
fold4,0.53625,0.5367945852195528
fold5,0.5575,0.5577257575260323
average,0.564125,0.5639186773788534
