,acc,uar
fold1,0.5507142857142857,0.5399668098560657
fold2,0.5128571428571429,0.5071500392161681
fold3,0.5707142857142857,0.566883638240523
fold4,0.5392857142857143,0.5372260373975671
fold5,0.5128571428571429,0.504816382471035
average,0.5372857142857143,0.5312085814362717
