,acc,uar
fold1,0.47444444444444445,0.47856680412396957
fold2,0.5072222222222222,0.4987337409338848
fold3,0.5125,0.5126970507882032
fold4,0.505,0.5068821137112766
fold5,0.557,0.5584244131154886
average,0.5112333333333333,0.5110608245345645
