,acc,uar
fold1,0.55875,0.5583841225191437
fold2,0.5325,0.5335576135418556
fold3,0.555625,0.5555151833393501
fold4,0.53625,0.5346209433714361
fold5,0.56375,0.5633009402282363
average,0.5493750000000001,0.5490757606000043
