,acc,uar
fold1,0.5294444444444445,0.5371022662026751
fold2,0.58,0.5749118262118044
fold3,0.554,0.5512025963544092
fold4,0.5685,0.5691963906231405
fold5,0.5645,0.5649866246656166
average,0.5592888888888888,0.5594799408115291
