,acc,uar
fold1,0.6,0.5834583128491388
fold2,0.5421428571428571,0.5383144344317363
fold3,0.5428571428571428,0.527795966474594
fold4,0.5428571428571428,0.5421360761755403
fold5,0.4328571428571429,0.42605913959800457
average,0.5321428571428571,0.5235527859058029
