,acc,uar
fold1,0.51125,0.49969908974648314
fold2,0.534375,0.5336784569132014
fold3,0.555,0.5539485799056136
fold4,0.51,0.4956808799854672
fold5,0.690625,0.6906942875313892
average,0.5602499999999999,0.5547402588164309
