,acc,uar
fold1,0.71875,0.71875
fold2,0.65375,0.65375
fold3,0.66625,0.66625
fold4,0.685,0.685
fold5,0.59625,0.59625
average,0.664,0.664
