,acc,uar
fold1,0.5777777777777777,0.5475
fold2,0.4222222222222222,0.46
fold3,0.41,0.41
fold4,0.46,0.45999999999999996
fold5,0.45,0.45
average,0.46399999999999997,0.4655
