,acc,uar
fold1,0.59875,0.5987499999999999
fold2,0.61875,0.61875
fold3,0.60875,0.60875
fold4,0.6025,0.6025
fold5,0.59,0.59
average,0.60375,0.60375
