,acc,uar
fold1,0.7011111111111111,0.66775
fold2,0.5288888888888889,0.56525
fold3,0.601,0.601
fold4,0.599,0.599
fold5,0.542,0.542
average,0.5943999999999999,0.595
