,acc,uar
fold1,0.6144444444444445,0.58025
fold2,0.4888888888888889,0.52175
fold3,0.496,0.496
fold4,0.515,0.515
fold5,0.516,0.516
average,0.5260666666666667,0.5258
