,acc,uar
fold1,0.580625,0.5816951780712285
fold2,0.506875,0.5081657663065227
fold3,0.538125,0.5360899315738026
fold4,0.499375,0.49826454033771106
fold5,0.54375,0.5426934975324795
average,0.5337500000000001,0.5333817827643489
