,acc,uar
fold1,0.5166666666666667,0.516786367977081
fold2,0.5488888888888889,0.5459935847528885
fold3,0.5445,0.5452759667013153
fold4,0.54,0.5386822354633574
fold5,0.5875,0.5875621890547263
average,0.5475111111111111,0.5468600687898737
