,acc,uar
fold1,0.5278571428571428,0.5200046852267404
fold2,0.4942857142857143,0.4920005475298843
fold3,0.5814285714285714,0.5805184378046682
fold4,0.5635714285714286,0.563414315569488
fold5,0.5214285714285715,0.5203976575433857
average,0.5377142857142857,0.5352671287348333
