,acc,uar
fold1,0.52,0.4765
fold2,0.4444444444444444,0.4855
fold3,0.479,0.479
fold4,0.5,0.5
fold5,0.492,0.492
average,0.48708888888888885,0.4866
