,acc,uar
fold1,0.515,0.515
fold2,0.49375,0.49375
fold3,0.5325,0.5325
fold4,0.47125,0.47125
fold5,0.51125,0.51125
average,0.50475,0.50475
