,acc,uar,epoch,dataset
fold1,0.7453658536585366,0.6830807566736621,190,crema-d
fold2,0.7216931216931217,0.6741343216148847,174,crema-d
fold3,0.7569892473118279,0.6869911764319003,187,crema-d
fold4,0.7200424178154825,0.6543325114219863,179,crema-d
fold5,0.7455497382198953,0.6806686082624922,193,crema-d
average,0.7379280757397728,0.6758414748809851,193,crema-d
