,acc,uar,epoch,dataset
fold1,0.6948176583493282,0.715374126632806,197,iemocap
fold2,0.6716981132075471,0.6877396324330963,165,iemocap
fold3,0.6156299840510366,0.5884363771947665,187,iemocap
fold4,0.5955056179775281,0.5802617667560197,183,iemocap
fold5,0.6046511627906976,0.5542836733848784,190,iemocap
average,0.6364605072752276,0.6252191152803134,190,iemocap
