,acc,uar,epoch,dataset
fold1,0.7128072445019404,0.6916049641392591,199,iemocap_crema-d
fold2,0.7057627118644068,0.6968361725145362,186,iemocap_crema-d
fold3,0.6833654463712268,0.6551044913795856,178,iemocap_crema-d
fold4,0.6790792146242384,0.6417811957341182,182,iemocap_crema-d
fold5,0.6809015421115066,0.6858554981380316,196,iemocap_crema-d
average,0.6923832318946637,0.6742364643811062,196,iemocap_crema-d
