,acc,uar,epoch,dataset
fold1,0.6645161290322581,0.6240114419663865,187,msp-improv_crema-d
fold2,0.6378174976481655,0.6015004918058943,199,msp-improv_crema-d
fold3,0.6684420772303595,0.6157086282021973,192,msp-improv_crema-d
fold4,0.6579088471849865,0.6077922187766767,188,msp-improv_crema-d
fold5,0.605925925925926,0.5626654258225876,195,msp-improv_crema-d
average,0.6469220954043392,0.6023356413147486,195,msp-improv_crema-d
