,acc,uar,epoch,dataset
fold1,0.6349557522123894,0.5974988557137397,192,iemocap_msp-improv
fold2,0.6218585622443016,0.5590894488444837,174,iemocap_msp-improv
fold3,0.5621351125938282,0.5190034690636623,182,iemocap_msp-improv
fold4,0.6346153846153846,0.6201731959905078,187,iemocap_msp-improv
fold5,0.5707940033314826,0.5059779661600299,194,iemocap_msp-improv
average,0.6048717629994773,0.5603485871544847,194,iemocap_msp-improv
