,acc,uar,epoch,dataset
fold1,0.6623655913978495,0.5858174197849069,195,msp-improv_crema-d
fold2,0.6354656632173095,0.5934176614816035,195,msp-improv_crema-d
fold3,0.6724367509986684,0.6160870690723557,188,msp-improv_crema-d
fold4,0.6568364611260054,0.6107282508313356,161,msp-improv_crema-d
fold5,0.6049382716049383,0.5663909297153887,172,msp-improv_crema-d
average,0.6464085476689542,0.594488266177118,172,msp-improv_crema-d
