,acc,uar,epoch,dataset
fold1,0.5964071856287425,0.5324150678578967,156,msp-improv
fold2,0.563082133784928,0.5009188372900626,199,msp-improv
fold3,0.5506993006993007,0.5089910228842063,168,msp-improv
fold4,0.6073752711496746,0.6001006569188387,177,msp-improv
fold5,0.508411214953271,0.43247122619837663,191,msp-improv
average,0.5651950212431833,0.5149793622298762,191,msp-improv
