,acc,uar,epoch,dataset
fold1,0.728780487804878,0.6803041306438363,192,crema-d
fold2,0.7132275132275132,0.6402281378834371,175,crema-d
fold3,0.7634408602150538,0.697496199468637,176,crema-d
fold4,0.7295864262990456,0.6319791131188026,186,crema-d
fold5,0.7413612565445026,0.6895802434275708,186,crema-d
average,0.7352793088181986,0.6679175649084568,186,crema-d
