,acc,uar,epoch,dataset
fold1,0.6602687140115163,0.6656706145847979,181,iemocap
fold2,0.690566037735849,0.6958519533160641,153,iemocap
fold3,0.5996810207336523,0.5564513913418894,174,iemocap
fold4,0.6086142322097379,0.5926689051689051,151,iemocap
fold5,0.6169630642954856,0.6331362434410179,183,iemocap
average,0.6352186137972482,0.6287558215705349,183,iemocap
