,acc,uar,epoch,dataset
fold1,0.6251497005988024,0.5420574230058699,186,msp-improv
fold2,0.5563082133784928,0.4319019403629988,72,msp-improv
fold3,0.5769230769230769,0.5093804782708852,181,msp-improv
fold4,0.6225596529284165,0.6002278025005298,190,msp-improv
fold5,0.497196261682243,0.4175663814678943,146,msp-improv
average,0.5756273811022063,0.5002268051216356,146,msp-improv
