,acc,uar,epoch,dataset
fold1,0.6959896507115135,0.6696518989258952,143,iemocap_crema-d
fold2,0.6969491525423729,0.7004274817409448,176,iemocap_crema-d
fold3,0.6711624919717405,0.6655528217508346,194,iemocap_crema-d
fold4,0.6817874069058903,0.6448332393540717,194,iemocap_crema-d
fold5,0.6850533807829181,0.6889341376208821,181,iemocap_crema-d
average,0.6861884165828871,0.6738799158785256,181,iemocap_crema-d
