,acc,uar,epoch,dataset
fold1,0.6349557522123894,0.5851765060244757,194,iemocap_msp-improv
fold2,0.6323787258912916,0.5610812230640794,172,iemocap_msp-improv
fold3,0.5604670558798999,0.5095686956507846,174,iemocap_msp-improv
fold4,0.6181318681318682,0.6048585593477256,198,iemocap_msp-improv
fold5,0.5657967795669073,0.4937681440853951,185,iemocap_msp-improv
average,0.6023460363364712,0.5508906256344921,185,iemocap_msp-improv
