,acc,uar
fold1,0.53375,0.53375
fold2,0.5125,0.5125
fold3,0.50125,0.50125
fold4,0.51875,0.51875
fold5,0.50625,0.50625
average,0.5145000000000001,0.5145000000000001
