,acc,uar
fold1,0.5855555555555556,0.54925
fold2,0.45111111111111113,0.49075
fold3,0.508,0.508
fold4,0.562,0.5619999999999999
fold5,0.51,0.51
average,0.5233333333333332,0.524
