,acc,uar
fold1,0.6611111111111111,0.6345000000000001
fold2,0.5811111111111111,0.6065
fold3,0.648,0.648
fold4,0.595,0.595
fold5,0.624,0.624
average,0.6218444444444444,0.6216
