,acc,uar,epoch,dataset
fold1,0.6083832335329341,0.5182534932204463,157,msp-improv
fold2,0.5766299745977985,0.4961801794167817,157,msp-improv
fold3,0.5559440559440559,0.468745483926388,150,msp-improv
fold4,0.5900216919739696,0.5340273363000636,188,msp-improv
fold5,0.5121495327102804,0.4460421839303136,159,msp-improv
average,0.5686256977518077,0.4926497353587986,159,msp-improv
