,acc,uar,epoch,dataset
fold1,0.6591397849462366,0.6076044579846176,168,msp-improv_crema-d
fold2,0.6128880526810913,0.5825959527892606,198,msp-improv_crema-d
fold3,0.6770972037283621,0.6381154926727645,194,msp-improv_crema-d
fold4,0.6343163538873995,0.57349637655913,129,msp-improv_crema-d
fold5,0.5674074074074074,0.5186843583945814,174,msp-improv_crema-d
average,0.6301697605300994,0.5840993276800709,174,msp-improv_crema-d
