,acc,uar,epoch,dataset
fold1,0.7151219512195122,0.6345051372706616,126,crema-d
fold2,0.6994708994708995,0.6349801253171201,190,crema-d
fold3,0.7526881720430108,0.6632537404153254,141,crema-d
fold4,0.7274655355249204,0.6419748702048046,165,crema-d
fold5,0.7256544502617801,0.6528851757077885,153,crema-d
average,0.7240802017040245,0.64551980978314,153,crema-d
