,acc,uar,epoch,dataset
fold1,0.6756238003838771,0.6696724095375187,197,iemocap
fold2,0.7245283018867924,0.6459559908930793,181,iemocap
fold3,0.6379585326953748,0.5857718834405518,186,iemocap
fold4,0.5318352059925093,0.5038353355882091,160,iemocap
fold5,0.6046511627906976,0.5204183994604923,53,iemocap
average,0.6349194007498502,0.5851308037839702,53,iemocap
