,acc,uar,epoch,dataset
fold1,0.6914618369987063,0.683108960229939,199,iemocap_crema-d
fold2,0.6908474576271186,0.6789703079821683,190,iemocap_crema-d
fold3,0.6833654463712268,0.6681226724678927,183,iemocap_crema-d
fold4,0.6702775897088693,0.6430158961284275,191,iemocap_crema-d
fold5,0.6791221826809015,0.6669792463340783,152,iemocap_crema-d
average,0.6830149026773645,0.6680394166285012,152,iemocap_crema-d
