,acc,uar,epoch,dataset
fold1,0.6516129032258065,0.5879611545727927,187,msp-improv_crema-d
fold2,0.5898400752587017,0.5411922991769891,160,msp-improv_crema-d
fold3,0.6810918774966711,0.6288830851274896,182,msp-improv_crema-d
fold4,0.6343163538873995,0.5804582379969481,193,msp-improv_crema-d
fold5,0.5822222222222222,0.5404344640148788,167,msp-improv_crema-d
average,0.6278166864181602,0.5757858481778196,167,msp-improv_crema-d
