,acc,uar,epoch,dataset
fold1,0.6992238033635187,0.6947905836296498,170,iemocap_crema-d
fold2,0.688135593220339,0.6733870365582068,188,iemocap_crema-d
fold3,0.6711624919717405,0.6654670118415066,167,iemocap_crema-d
fold4,0.6777251184834123,0.6528790734891842,198,iemocap_crema-d
fold5,0.6725978647686833,0.6655089247583673,195,iemocap_crema-d
average,0.6817689743615388,0.6704065260553829,195,iemocap_crema-d
