,acc,uar,epoch,dataset
fold1,0.6095808383233533,0.5270553141504893,167,msp-improv
fold2,0.5453005927180355,0.4777391393522449,170,msp-improv
fold3,0.5681818181818182,0.5110570803705616,167,msp-improv
fold4,0.571583514099783,0.554089849544395,188,msp-improv
fold5,0.497196261682243,0.42860242066818477,186,msp-improv
average,0.5583686050010467,0.4997087608171752,186,msp-improv
