,acc,uar,epoch,dataset
fold1,0.6305309734513275,0.5956455762973982,197,iemocap_msp-improv
fold2,0.5902980713033313,0.5200754098387363,164,iemocap_msp-improv
fold3,0.5738115095913261,0.5193393009386178,178,iemocap_msp-improv
fold4,0.5885989010989011,0.5573287004137573,169,iemocap_msp-improv
fold5,0.5546918378678511,0.4992738653803375,196,iemocap_msp-improv
average,0.5875862586625474,0.5383325705737695,196,iemocap_msp-improv
