,acc,uar,epoch,dataset
fold1,0.7278048780487805,0.6364081217083837,174,crema-d
fold2,0.7068783068783069,0.6490795540302907,158,crema-d
fold3,0.7516129032258064,0.6537326971688111,187,crema-d
fold4,0.735949098621421,0.6328776699342376,197,crema-d
fold5,0.7424083769633508,0.6685339933314034,199,crema-d
average,0.7329307127475332,0.6481264072346253,199,crema-d
