,acc,uar,epoch,dataset
fold1,0.6852207293666027,0.6940116455703031,169,iemocap
fold2,0.7358490566037735,0.6869195928206231,173,iemocap
fold3,0.620414673046252,0.5924882880375639,198,iemocap
fold4,0.5655430711610487,0.5472943244494969,196,iemocap
fold5,0.6196990424076607,0.603973656111167,164,iemocap
average,0.6453453145170676,0.6249375013978308,164,iemocap
