,acc,uar,epoch,dataset
fold1,0.612094395280236,0.5868534310434527,174,iemocap_msp-improv
fold2,0.5961426066627703,0.5246037457894959,174,iemocap_msp-improv
fold3,0.5763135946622185,0.5287488498932182,188,iemocap_msp-improv
fold4,0.5927197802197802,0.565933285604588,162,iemocap_msp-improv
fold5,0.5446973903387007,0.4842471482819488,197,iemocap_msp-improv
average,0.5843935534327411,0.5380772921225406,197,iemocap_msp-improv
