,acc,uar
fold1,0.50125,0.50125
fold2,0.505,0.505
fold3,0.4925,0.4925
fold4,0.49625,0.49624999999999997
fold5,0.505,0.505
average,0.5,0.5
