,acc,uar
fold1,0.52625,0.52625
fold2,0.4825,0.4825
fold3,0.515,0.515
fold4,0.5025,0.5025
fold5,0.5025,0.5025
average,0.50575,0.50575
