,acc,uar
fold1,0.5522222222222222,0.499
fold2,0.45111111111111113,0.5055
fold3,0.508,0.508
fold4,0.5,0.5
fold5,0.504,0.504
average,0.5030666666666667,0.5033000000000001
