,acc,uar
fold1,0.5255555555555556,0.5485482430859301
fold2,0.5344444444444445,0.5153249665223755
fold3,0.567,0.5692577299788746
fold4,0.593,0.5923273309459786
fold5,0.606,0.6039274776356693
average,0.5651999999999999,0.5658771496337656
