,acc,uar
fold1,0.5407142857142857,0.53650885723924
fold2,0.5485714285714286,0.5475216081718177
fold3,0.59,0.5859541359541359
fold4,0.5728571428571428,0.570816888518455
fold5,0.5714285714285714,0.5717726673166256
average,0.5647142857142857,0.5625148314400549
