,acc,uar
fold1,0.6,0.5980116212885995
fold2,0.546875,0.5465167879196979
fold3,0.594375,0.5923310048461932
fold4,0.536875,0.5374844316233773
fold5,0.566875,0.5671287172075504
average,0.5690000000000001,0.5682945125770837
