,acc,uar
fold1,0.93875,0.93875
fold2,0.8825,0.8825000000000001
fold3,0.9075,0.9075
fold4,0.89125,0.89125
fold5,0.91375,0.9137500000000001
average,0.90675,0.90675
