,acc,uar
fold1,0.7214285714285714,0.7343505574454349
fold2,0.7785714285714286,0.7829308300516671
fold3,0.7771428571428571,0.781413087113609
fold4,0.7607142857142857,0.762708005333758
fold5,0.7521428571428571,0.759138816452229
average,0.758,0.7641082592793397
