,acc,uar
fold1,0.8716666666666667,0.8758553703471612
fold2,0.8761111111111111,0.8662349012141453
fold3,0.867,0.8682109105755491
fold4,0.858,0.8607853952954768
fold5,0.9055,0.9055876502888527
average,0.8756555555555556,0.8753348455442371
