,acc,uar
fold1,0.88375,0.8847163619315519
fold2,0.81375,0.8101945359838418
fold3,0.835625,0.837252824362106
fold4,0.8525,0.8562481621212406
fold5,0.8725,0.8733106128437959
average,0.851625,0.8523444994485073
