,acc,uar
fold1,0.5544444444444444,0.499
fold2,0.44555555555555554,0.501
fold3,0.5,0.5
fold4,0.5,0.5
fold5,0.498,0.498
average,0.49960000000000004,0.49960000000000004
