,acc,uar
fold1,0.50375,0.50375
fold2,0.4925,0.49249999999999994
fold3,0.49,0.49
fold4,0.50375,0.5037499999999999
fold5,0.505,0.505
average,0.499,0.499
