,acc,uar
fold1,0.5444444444444444,0.505
fold2,0.43333333333333335,0.4725
fold3,0.52,0.52
fold4,0.56,0.56
fold5,0.46,0.46
average,0.5035555555555555,0.5035000000000001
