,acc,uar
fold1,0.725,0.7250000000000001
fold2,0.7625,0.7625
fold3,0.5875,0.5875
fold4,0.6875,0.6875
fold5,0.65,0.65
average,0.6824999999999999,0.6825
