,acc,uar
fold1,0.7666666666666667,0.7825
fold2,0.7333333333333333,0.72
fold3,0.77,0.77
fold4,0.67,0.6699999999999999
fold5,0.82,0.82
average,0.752,0.7525
