,acc,uar
fold1,0.85,0.85
fold2,0.78,0.78
fold3,0.8425,0.8425
fold4,0.80875,0.8087500000000001
fold5,0.84625,0.84625
average,0.8254999999999999,0.8254999999999999
