,acc,uar
fold1,0.8,0.8
fold2,0.765,0.765
fold3,0.7925,0.7925
fold4,0.77,0.77
fold5,0.73875,0.73875
average,0.77325,0.77325
