,acc,uar
fold1,0.5775,0.5775
fold2,0.5325,0.5325
fold3,0.54875,0.54875
fold4,0.55375,0.55375
fold5,0.55,0.55
average,0.5525,0.5525
