,acc,uar
fold1,0.833125,0.8322082637017036
fold2,0.79375,0.7921391204225176
fold3,0.780625,0.7813246639195813
fold4,0.77,0.7709234577780001
fold5,0.77375,0.7720088035214085
average,0.7902500000000001,0.7897208618686422
