,acc,uar
fold1,0.7661111111111111,0.7680825885210676
fold2,0.8066666666666666,0.7976705689954329
fold3,0.785,0.7867337488423318
fold4,0.741,0.7426986343575318
fold5,0.8075,0.8077423389618512
average,0.7812555555555556,0.780585575935643
