,acc,uar
fold1,0.7414285714285714,0.7515282183452286
fold2,0.7478571428571429,0.7489584950048603
fold3,0.7821428571428571,0.7827614379084967
fold4,0.72,0.7181249859590433
fold5,0.7185714285714285,0.725512359328075
average,0.7419999999999999,0.7453770993091408
