,acc,uar
fold1,0.5577777777777778,0.503
fold2,0.4488888888888889,0.5035
fold3,0.497,0.497
fold4,0.5,0.5
fold5,0.498,0.498
average,0.5003333333333334,0.5003
