,acc,uar
fold1,0.8892857142857142,0.8947868298860279
fold2,0.8864285714285715,0.8878713312138291
fold3,0.905,0.9056370219090316
fold4,0.9242857142857143,0.9246555765163208
fold5,0.8742857142857143,0.8760408471020193
average,0.895857142857143,0.8977983213254458
