,acc,uar
fold1,0.9377777777777778,0.9372775071867971
fold2,0.9516666666666667,0.9441602728047741
fold3,0.961,0.9608263589956954
fold4,0.9555,0.9551297896166305
fold5,0.967,0.9680994066754276
average,0.9545888888888887,0.9530986670558651
