,acc,uar
fold1,0.950625,0.9508670700907704
fold2,0.851875,0.8530540554055406
fold3,0.85375,0.854265930531833
fold4,0.86,0.8623864398512285
fold5,0.89125,0.8928998476026728
average,0.8815,0.882694668696409
