,acc,uar
fold1,0.8528571428571429,0.8478677626111784
fold2,0.8642857142857143,0.8622031122031122
fold3,0.84,0.8373366013071896
fold4,0.845,0.8397829647829649
fold5,0.82,0.8147102168671727
average,0.8444285714285714,0.8403801315543236
