,acc,uar
fold1,0.9427777777777778,0.9442499184768121
fold2,0.9183333333333333,0.9094213059176428
fold3,0.926,0.9260469260469261
fold4,0.9305,0.930017283387544
fold5,0.9445,0.9445360074166007
average,0.9324222222222222,0.9308542882491052
