,acc,uar
fold1,0.911875,0.9114519516891301
fold2,0.79,0.7861991728763507
fold3,0.793125,0.7947554021608644
fold4,0.823125,0.8210248763683878
fold5,0.834375,0.8331536177527739
average,0.8305,0.8293170041695014
