,acc,uar,epoch,dataset
fold1,0.6238003838771593,0.5752928842217139,157,iemocap
fold2,0.720754716981132,0.6839640987284966,142,iemocap
fold3,0.6124401913875598,0.5446446092860787,147,iemocap
fold4,0.5861423220973783,0.5485729255844198,147,iemocap
fold5,0.6114911080711354,0.5654816378081317,165,iemocap
average,0.6309257444828729,0.5835912311257682,165,iemocap
