,acc,uar,epoch,dataset
fold1,0.646236559139785,0.5668293876958085,188,msp-improv_crema-d
fold2,0.6006585136406397,0.5561377567663075,183,msp-improv_crema-d
fold3,0.6484687083888149,0.5890913192121237,179,msp-improv_crema-d
fold4,0.6332439678284182,0.5667139895193409,187,msp-improv_crema-d
fold5,0.5550617283950617,0.4985240959155245,184,msp-improv_crema-d
average,0.616733895478544,0.555459309821821,184,msp-improv_crema-d
