,acc,uar,epoch,dataset
fold1,0.6858536585365854,0.6290943327371316,177,crema-d
fold2,0.6804232804232804,0.6307546659289807,183,crema-d
fold3,0.7451612903225806,0.6381061900733929,195,crema-d
fold4,0.7253446447507953,0.6219955343169268,185,crema-d
fold5,0.6910994764397905,0.6518162914513864,155,crema-d
average,0.7055764700946064,0.6343534029015637,155,crema-d
