,acc,uar,epoch,dataset
fold1,0.7014634146341463,0.6251971492871307,192,crema-d
fold2,0.7015873015873015,0.6720894419212025,192,crema-d
fold3,0.7430107526881721,0.6519736746147412,172,crema-d
fold4,0.711558854718982,0.5898041219707214,75,crema-d
fold5,0.6931937172774869,0.6238830048894174,112,crema-d
average,0.7101628081812178,0.6325894785366427,112,crema-d
