,acc,uar,epoch,dataset
fold1,0.6106194690265486,0.5447197353860321,189,iemocap_msp-improv
fold2,0.5996493278784336,0.5099321333662004,168,iemocap_msp-improv
fold3,0.5638031693077564,0.505697804490244,197,iemocap_msp-improv
fold4,0.6016483516483516,0.5533574667743857,185,iemocap_msp-improv
fold5,0.5563575791227096,0.5023175625406656,186,iemocap_msp-improv
average,0.5864155793967599,0.5232049405115056,186,iemocap_msp-improv
