,acc,uar,epoch,dataset
fold1,0.6106194690265486,0.5424505779563772,168,iemocap_msp-improv
fold2,0.6025715955581531,0.517409704130545,193,iemocap_msp-improv
fold3,0.5562969140950792,0.503015502090872,197,iemocap_msp-improv
fold4,0.5679945054945055,0.5207731248039402,167,iemocap_msp-improv
fold5,0.5480288728484175,0.47992817940894905,176,iemocap_msp-improv
average,0.5771022714045408,0.5127154176781368,176,iemocap_msp-improv
