,acc,uar,epoch,dataset
fold1,0.5712574850299401,0.4727783324115115,188,msp-improv
fold2,0.5580016934801016,0.486577861862194,174,msp-improv
fold3,0.5087412587412588,0.4236970278422654,189,msp-improv
fold4,0.5759219088937093,0.5007151938970121,182,msp-improv
fold5,0.4785046728971963,0.4099473816050447,153,msp-improv
average,0.5384854038084412,0.45874315952360556,153,msp-improv
