,acc,uar,epoch,dataset
fold1,0.6487523992322457,0.6158690220647765,191,iemocap
fold2,0.6867924528301886,0.6558043733837519,180,iemocap
fold3,0.5885167464114832,0.5391994833534925,177,iemocap
fold4,0.5580524344569289,0.5456413531126175,184,iemocap
fold5,0.5868673050615595,0.5535535706891146,168,iemocap
average,0.6137962675984812,0.5820135605207506,168,iemocap
