,acc,uar,epoch,dataset
fold1,0.6483870967741936,0.5911802344741417,197,msp-improv_crema-d
fold2,0.6110065851364064,0.5759950175236388,196,msp-improv_crema-d
fold3,0.666444740346205,0.6125564673001742,198,msp-improv_crema-d
fold4,0.6455764075067024,0.5815196413958311,166,msp-improv_crema-d
fold5,0.5787654320987654,0.5467995883146324,166,msp-improv_crema-d
average,0.6300360523724546,0.5816101898016836,166,msp-improv_crema-d
