,acc,uar,epoch,dataset
fold1,0.6791720569210866,0.6530515872032412,193,iemocap_crema-d
fold2,0.672542372881356,0.659535748612965,197,iemocap_crema-d
fold3,0.6730892742453436,0.6395903538121579,194,iemocap_crema-d
fold4,0.6533513879485443,0.6182262324830619,173,iemocap_crema-d
fold5,0.6494661921708185,0.6297878143548966,172,iemocap_crema-d
average,0.6655242568334299,0.6400383472932646,172,iemocap_crema-d
