,acc,uar,epoch,dataset
fold1,0.5856287425149701,0.48008985946857724,160,msp-improv
fold2,0.5605419136325148,0.4527876744542566,140,msp-improv
fold3,0.4965034965034965,0.3805527256959486,106,msp-improv
fold4,0.5683297180043384,0.500450307268489,176,msp-improv
fold5,0.46448598130841123,0.37168767814506326,120,msp-improv
average,0.5350979703927462,0.437113649006467,120,msp-improv
