,acc,uar,epoch,dataset
fold1,0.6972833117723156,0.6955404070420199,197,iemocap_crema-d
fold2,0.6922033898305084,0.684646078417788,182,iemocap_crema-d
fold3,0.6756583172768144,0.6709830328485705,199,iemocap_crema-d
fold4,0.6662153012863913,0.6172571004521992,145,iemocap_crema-d
fold5,0.6702253855278766,0.6722333255780556,173,iemocap_crema-d
average,0.6803171411387813,0.6681319888677267,173,iemocap_crema-d
