,acc,uar
fold1,0.57875,0.57875
fold2,0.545,0.545
fold3,0.54125,0.54125
fold4,0.53375,0.53375
fold5,0.53625,0.53625
average,0.5469999999999999,0.5469999999999999
