,acc,uar
fold1,0.7633333333333333,0.75
fold2,0.7966666666666666,0.8045342167043397
fold3,0.802,0.8033679816622994
fold4,0.816,0.8151201985850516
fold5,0.7875,0.786610343061956
average,0.7931,0.7919265480027293
