,acc,uar
fold1,0.7707142857142857,0.7798005565862709
fold2,0.7435714285714285,0.746795009305965
fold3,0.7642857142857142,0.7723448947179672
fold4,0.8021428571428572,0.8064165190583303
fold5,0.7964285714285714,0.7990568302355976
average,0.7754285714285714,0.7808827619808263
