,acc,uar
fold1,0.89875,0.9009094377623077
fold2,0.833125,0.830278188331371
fold3,0.848125,0.8507948445725884
fold4,0.826875,0.82813977440918
fold5,0.856875,0.8564357982733701
average,0.85275,0.8533116086697634
 