,acc,uar
fold1,0.90625,0.90625
fold2,0.8775,0.8775
fold3,0.84375,0.84375
fold4,0.85125,0.8512500000000001
fold5,0.81125,0.81125
average,0.858,0.858
