,acc,uar
fold1,0.5655555555555556,0.51325
fold2,0.45222222222222225,0.50625
fold3,0.5,0.5
fold4,0.499,0.499
fold5,0.501,0.501
average,0.5035555555555555,0.5039
