,acc,uar
fold1,0.5,0.5
fold2,0.51125,0.51125
fold3,0.50375,0.50375
fold4,0.5075,0.5075000000000001
fold5,0.5025,0.5025
average,0.505,0.505
