,acc,uar
fold1,0.9061111111111111,0.9048225370046157
fold2,0.9011111111111111,0.8945034411883779
fold3,0.888,0.888580864161095
fold4,0.9335,0.933782191786311
fold5,0.919,0.9191179779494487
average,0.9095444444444445,0.9081614024179696
