,acc,uar
fold1,0.8564285714285714,0.8538132270021712
fold2,0.8464285714285714,0.8450553820170368
fold3,0.85,0.8486631485828577
fold4,0.8707142857142857,0.8678021759660433
fold5,0.8592857142857143,0.8586003021785971
average,0.8565714285714285,0.8547868471493413
