,acc,uar
fold1,0.929375,0.929834390564466
fold2,0.863125,0.8644051767126093
fold3,0.861875,0.8611312681413272
fold4,0.8725,0.8737944371747188
fold5,0.855625,0.8558048219287715
average,0.8765000000000001,0.8769940189043786
