,acc,uar,epoch,dataset
fold1,0.6516129032258065,0.5762955044399888,190,msp-improv_crema-d
fold2,0.6081843838193791,0.5614752908506889,195,msp-improv_crema-d
fold3,0.6564580559254327,0.6153286080268645,187,msp-improv_crema-d
fold4,0.646112600536193,0.5940097556673445,193,msp-improv_crema-d
fold5,0.5753086419753086,0.5296180445590474,198,msp-improv_crema-d
average,0.627535317096424,0.5753454407087868,198,msp-improv_crema-d
