,acc,uar,epoch,dataset
fold1,0.5980825958702065,0.5409091073643766,198,iemocap_msp-improv
fold2,0.5897136177673875,0.5009946612031093,190,iemocap_msp-improv
fold3,0.5571309424520434,0.5051345758443354,182,iemocap_msp-improv
fold4,0.595467032967033,0.5447815661332783,194,iemocap_msp-improv
fold5,0.5591338145474736,0.49777405980905,196,iemocap_msp-improv
average,0.5799056007208288,0.51791879407083,196,iemocap_msp-improv
