,acc,uar,epoch,dataset
fold1,0.6701164294954722,0.6341050566778412,177,iemocap_crema-d
fold2,0.6664406779661017,0.6460027721902488,178,iemocap_crema-d
fold3,0.6763005780346821,0.6484979987728969,181,iemocap_crema-d
fold4,0.6553825321597834,0.6176396151162161,190,iemocap_crema-d
fold5,0.6387900355871886,0.621248465499451,199,iemocap_crema-d
average,0.6614060506486455,0.6334987816513309,199,iemocap_crema-d
