,acc,uar,epoch,dataset
fold1,0.6985365853658536,0.6006458405629073,169,crema-d
fold2,0.6804232804232804,0.6020051791209557,154,crema-d
fold3,0.7279569892473118,0.5790770140035885,68,crema-d
fold4,0.7306468716861082,0.619789240204252,176,crema-d
fold5,0.6785340314136126,0.5835320039585075,75,crema-d
average,0.7032195516272333,0.597009855570042,75,crema-d
