,acc,uar,epoch,dataset
fold1,0.6026871401151631,0.5474497897107473,178,iemocap
fold2,0.7056603773584905,0.584725366678584,156,iemocap
fold3,0.5980861244019139,0.5279444926124545,137,iemocap
fold4,0.5636704119850188,0.5290688345286046,188,iemocap
fold5,0.6292749658002736,0.5616472953627183,194,iemocap
average,0.619875803932172,0.5501671557786217,194,iemocap
