,acc,uar,epoch,dataset
fold1,0.6917073170731707,0.6151194741430563,192,crema-d
fold2,0.6867724867724868,0.621586434194047,190,crema-d
fold3,0.7311827956989247,0.6281625663316928,193,crema-d
fold4,0.7264050901378579,0.6381998099576631,167,crema-d
fold5,0.680628272251309,0.6093459296116701,198,crema-d
average,0.7033391923867498,0.6224828428476259,198,crema-d
