,acc,uar,epoch,dataset
fold1,0.6069321533923304,0.5155893263118264,171,iemocap_msp-improv
fold2,0.6014026884862653,0.510385409708813,162,iemocap_msp-improv
fold3,0.5613010842368641,0.49214170150034936,182,iemocap_msp-improv
fold4,0.5721153846153846,0.5246460504883111,177,iemocap_msp-improv
fold5,0.5585785674625208,0.4799333967903765,197,iemocap_msp-improv
average,0.580065975638673,0.5045391769599352,197,iemocap_msp-improv
