,acc,uar,epoch,dataset
fold1,0.562874251497006,0.47393232456021617,186,msp-improv
fold2,0.5613886536833192,0.4668475444828834,198,msp-improv
fold3,0.5122377622377622,0.44040618219849204,187,msp-improv
fold4,0.571583514099783,0.5002172070353889,191,msp-improv
fold5,0.47757009345794393,0.4000936553651589,180,msp-improv
average,0.5371308549951629,0.4562993827284279,180,msp-improv
