,acc,uar,epoch,dataset
fold1,0.6804657179818887,0.6689480093572349,192,iemocap_crema-d
fold2,0.6942372881355933,0.6745732675436357,196,iemocap_crema-d
fold3,0.680796403339756,0.673402200877289,148,iemocap_crema-d
fold4,0.6763710223425863,0.6401232487116539,199,iemocap_crema-d
fold5,0.6559905100830368,0.660386964169512,178,iemocap_crema-d
average,0.6775721883765722,0.6634867381318651,178,iemocap_crema-d
