,acc,uar,epoch,dataset
fold1,0.6487523992322457,0.6057700210609583,181,iemocap
fold2,0.7188679245283018,0.6749826613177399,172,iemocap
fold3,0.6028708133971292,0.5404254484084933,184,iemocap
fold4,0.5636704119850188,0.5397211345487207,164,iemocap
fold5,0.5964432284541724,0.5544749338925599,182,iemocap
average,0.6261209555193735,0.5830748398456944,182,iemocap
