,acc,uar,epoch,dataset
fold1,0.578443113772455,0.46272874147956766,173,msp-improv
fold2,0.5596951735817104,0.4313501190481219,141,msp-improv
fold3,0.5157342657342657,0.40031078758731975,109,msp-improv
fold4,0.5563991323210412,0.4404587836406018,181,msp-improv
fold5,0.4672897196261682,0.36205444491133504,131,msp-improv
average,0.5355122810071281,0.41938057533338924,131,msp-improv
