,acc,uar,epoch,dataset
fold1,0.621505376344086,0.528141566536306,163,msp-improv_crema-d
fold2,0.587958607714017,0.5460857891646411,189,msp-improv_crema-d
fold3,0.6424766977363515,0.5875211894518408,197,msp-improv_crema-d
fold4,0.6225201072386058,0.5533690732732327,189,msp-improv_crema-d
fold5,0.5614814814814815,0.5048367428564496,187,msp-improv_crema-d
average,0.6071884541029083,0.543990872256494,187,msp-improv_crema-d
