,acc,uar
fold1,0.7477777777777778,0.7324999999999999
fold2,0.61,0.63925
fold3,0.622,0.622
fold4,0.612,0.612
fold5,0.606,0.606
average,0.6395555555555555,0.64235
