,acc,uar
fold1,0.655,0.655
fold2,0.65,0.6499999999999999
fold3,0.59875,0.59875
fold4,0.64,0.64
fold5,0.57375,0.57375
average,0.6235,0.6235
