,acc,uar
fold1,0.5555555555555556,0.5025
fold2,0.4444444444444444,0.5
fold3,0.52,0.52
fold4,0.5,0.5
fold5,0.5,0.5
average,0.504,0.5045
