,acc,uar
fold1,0.4875,0.48750000000000004
fold2,0.525,0.5249999999999999
fold3,0.5625,0.5625
fold4,0.425,0.425
fold5,0.525,0.525
average,0.505,0.505
