,acc,uar
fold1,0.5544444444444444,0.49924999999999997
fold2,0.44555555555555554,0.50075
fold3,0.501,0.501
fold4,0.5,0.5
fold5,0.5,0.5
average,0.5002,0.5002
