,acc,uar,epoch,dataset
fold1,0.6833013296127319,0.6645824909210205,52,iemocap
