,acc,rec,epoch,dataset
fold1,0.5969289827255279,0.5623094027097354,42,iemocap
fold2,0.7226415094339622,0.6906647043211812,63,iemocap
fold3,0.5629984051036683,0.49651950447605686,78,iemocap
fold4,0.602996254681648,0.5711813303767327,96,iemocap
fold5,0.6210670314637483,0.585175221689156,96,iemocap
average,0.6213264366817108,0.5811700327145723,96,iemocap
