,acc,rec,epoch,dataset
fold1,0.7160975609756097,0.6831240183674765,73,crema-d
