,acc,rec,epoch,dataset
fold1,0.6203592814371257,0.5199212277037789,51,msp-improv
fold2,0.5656223539373413,0.4265754926545925,27,msp-improv
fold3,0.534965034965035,0.4738027224412488,82,msp-improv
fold4,0.6106290672451193,0.5827823691460056,78,msp-improv
fold5,0.497196261682243,0.41054949286275694,73,msp-improv
average,0.565754399853373,0.48272626096167653,73,msp-improv
