,acc,rec,epoch,dataset
fold1,0.7160975609756097,0.6831240183674765,73,crema-d
fold2,0.7142857142857143,0.6405383854447544,74,crema-d
fold3,0.7763440860215054,0.668990794675407,49,crema-d
fold4,0.7338282078472959,0.6146411719223297,81,crema-d
fold5,0.7340314136125654,0.6726471865589924,90,crema-d
average,0.734917396548538,0.655988311393792,90,crema-d
