,acc,rec,epoch,dataset
fold1,0.7018111254851229,0.6780451345082379,93,iemocap_crema-d
fold1,0.6487523992322457,0.6764134609905259,93,iemocap
fold1,0.728780487804878,0.6526746136891981,93,crema-d
