,acc,rec,epoch,dataset
fold1,0.6239520958083832,0.5188146196903631,71,msp-improv
