,acc,uar
fold1,0.49,0.49
fold2,0.47375,0.47375
fold3,0.49375,0.49375
fold4,0.51125,0.51125
fold5,0.5075,0.5075000000000001
average,0.49524999999999997,0.4952500000000001
