,acc,uar
fold1,0.5555555555555556,0.511
fold2,0.45444444444444443,0.49525
fold3,0.487,0.487
fold4,0.539,0.539
fold5,0.508,0.508
average,0.5088,0.5080500000000001
