,acc,uar
fold1,0.535,0.535
fold2,0.50125,0.50125
fold3,0.4925,0.4925
fold4,0.51,0.51
fold5,0.51375,0.51375
average,0.5105,0.5105
