,acc,uar
fold1,0.8305555555555556,0.8043273013375295
fold2,0.7922222222222223,0.8048253886318966
fold3,0.7815,0.7812832812832813
fold4,0.851,0.8512874051496206
fold5,0.817,0.8131586029438982
average,0.8144555555555556,0.8109763958692453
