,acc,uar
fold1,0.7835714285714286,0.7869171994386404
fold2,0.8042857142857143,0.8064331501831502
fold3,0.7885714285714286,0.7927559326413713
fold4,0.8414285714285714,0.8397708326522606
fold5,0.8528571428571429,0.8530146587821903
average,0.8141428571428572,0.8157783547395226
