,acc,uar
fold1,0.925,0.9259102984841381
fold2,0.87875,0.8759190731021718
fold3,0.885625,0.8829613266232985
fold4,0.896875,0.8927283653846154
fold5,0.89375,0.8983309610714167
average,0.8960000000000001,0.8951700049331281
