,acc,uar,epoch,dataset
fold1,0.6351875808538163,0.6425730552177549,196,iemocap_crema-d
fold2,0.6684745762711864,0.6458879146909864,184,iemocap_crema-d
fold3,0.6666666666666666,0.6654991569304071,168,iemocap_crema-d
fold4,0.6865267433987813,0.6587212691370787,161,iemocap_crema-d
fold5,0.6435349940688019,0.6451084166249264,177,iemocap_crema-d
average,0.6600781122518505,0.6515579625202307,177,iemocap_crema-d
