,acc,uar,epoch,dataset
fold1,0.6372360844529751,0.6326309515500171,175,iemocap
fold2,0.7471698113207547,0.7229241177670497,72,iemocap
fold3,0.583732057416268,0.5154946676228909,88,iemocap
fold4,0.5674157303370787,0.5344680223990569,74,iemocap
fold5,0.5923392612859097,0.5535938341132138,125,iemocap
average,0.6255785889625972,0.5918223186904457,125,iemocap
