,acc,uar,epoch,dataset
fold1,0.6956097560975609,0.5770149643893865,63,crema-d
fold2,0.6994708994708995,0.6245052524835308,180,crema-d
fold3,0.7473118279569892,0.6286341526946972,142,crema-d
fold4,0.7348886532343585,0.6200518842887107,157,crema-d
fold5,0.7005235602094241,0.6200564204677452,130,crema-d
average,0.7155609393938465,0.6140525348648141,130,crema-d
