,acc,uar,epoch,dataset
fold1,0.5832335329341317,0.4714158849155544,158,msp-improv
fold2,0.5563082133784928,0.4832344135025569,83,msp-improv
fold3,0.527972027972028,0.42462576850710415,131,msp-improv
fold4,0.561822125813449,0.5148654375927103,184,msp-improv
fold5,0.49906542056074765,0.43783697065462057,152,msp-improv
average,0.54568026413177,0.4663956950345093,152,msp-improv
