,acc,uar,epoch,dataset
fold1,0.5634218289085545,0.5231834232637751,192,iemocap_msp-improv
fold2,0.6072472238457043,0.5353281694261148,163,iemocap_msp-improv
fold3,0.5738115095913261,0.5075085980028351,184,iemocap_msp-improv
fold4,0.5618131868131868,0.5295140252443885,191,iemocap_msp-improv
fold5,0.5347029428095502,0.4680464775969747,189,iemocap_msp-improv
average,0.5681993383936643,0.5127161387068175,189,iemocap_msp-improv
