,acc,uar,epoch,dataset
fold1,0.6381720430107527,0.5784673543013061,165,msp-improv_crema-d
fold2,0.6095954844778928,0.5717558772262556,183,msp-improv_crema-d
fold3,0.6511318242343542,0.5785874789723926,167,msp-improv_crema-d
fold4,0.6423592493297587,0.5904992072986781,185,msp-improv_crema-d
fold5,0.5846913580246914,0.5340530967054729,156,msp-improv_crema-d
average,0.6251899918154901,0.5706726029008211,156,msp-improv_crema-d
