,acc,uar
fold1,0.5622222222222222,0.52275
fold2,0.45111111111111113,0.489
fold3,0.5,0.5
fold4,0.506,0.506
fold5,0.498,0.498
average,0.5034666666666666,0.5031500000000001
