,acc,uar
fold1,0.57125,0.57125
fold2,0.55,0.55
fold3,0.52,0.52
fold4,0.53375,0.53375
fold5,0.5075,0.5075000000000001
average,0.5365,0.5365
