,acc,uar
fold1,0.8916666666666667,0.8924123137052302
fold2,0.87,0.8585161047750345
fold3,0.7985,0.7969287715086034
fold4,0.7735,0.7742467523634633
fold5,0.8545,0.8544218850480908
average,0.8376333333333333,0.8353051654800845
