,acc,uar
fold1,0.9275,0.927984822130434
fold2,0.8625,0.8637400326084748
fold3,0.86,0.8592733460114104
fold4,0.87125,0.872514027443605
fold5,0.8575,0.8576930772308924
average,0.87575,0.8762410610849634
