,acc,uar
fold1,0.8392857142857143,0.8376984421824305
fold2,0.8328571428571429,0.831849374031532
fold3,0.8392857142857143,0.8385716416294327
fold4,0.8471428571428572,0.8451544706453535
fold5,0.8485714285714285,0.8489455525009687
average,0.8414285714285714,0.8404438961979436
