,acc,uar
fold1,0.91375,0.9137500000000001
fold2,0.8775,0.8775
fold3,0.90875,0.90875
fold4,0.88,0.88
fold5,0.92125,0.92125
average,0.90025,0.90025
