,acc,uar
fold1,0.87125,0.87125
fold2,0.76625,0.76625
fold3,0.8425,0.8425
fold4,0.85375,0.85375
fold5,0.8475,0.8475
average,0.83625,0.83625
