,acc,uar
fold1,0.6955555555555556,0.6745
fold2,0.5766666666666667,0.60475
fold3,0.574,0.574
fold4,0.563,0.563
fold5,0.578,0.578
average,0.5974444444444443,0.5988499999999999
