,acc,uar
fold1,0.63,0.63
fold2,0.56,0.56
fold3,0.6575,0.6575
fold4,0.55875,0.5587500000000001
fold5,0.5625,0.5625
average,0.59375,0.59375
