,acc,uar
fold1,0.51,0.51
fold2,0.51125,0.51125
fold3,0.51625,0.51625
fold4,0.51,0.51
fold5,0.505,0.505
average,0.5105000000000001,0.5105000000000001
