,acc,uar
fold1,0.5227777777777778,0.513773777517233
fold2,0.5727777777777778,0.5768359913984521
fold3,0.595,0.5950940063747714
fold4,0.5205,0.5203529308220384
fold5,0.611,0.6121519868672591
average,0.564411111111111,0.5636417385959508
