,acc,uar
fold1,0.5921428571428572,0.5768783503688413
fold2,0.48214285714285715,0.48125372476345196
fold3,0.4742857142857143,0.47096039013551816
fold4,0.5035714285714286,0.49884239410049735
fold5,0.495,0.4891583288858353
average,0.5094285714285715,0.5034186376508288
