,acc,uar
fold1,0.649375,0.6501721170395869
fold2,0.59625,0.594935719588918
fold3,0.59625,0.5963524088102203
fold4,0.583125,0.5825569309565402
fold5,0.57625,0.5768231181207697
average,0.60025,0.600168058903207
