,acc,uar
fold1,0.46375,0.46375
fold2,0.52,0.52
fold3,0.4825,0.48250000000000004
fold4,0.505,0.505
fold5,0.47125,0.47124999999999995
average,0.4885,0.4885
