,acc,uar
fold1,0.5555555555555556,0.50075
fold2,0.44333333333333336,0.4975
fold3,0.501,0.501
fold4,0.502,0.502
fold5,0.501,0.501
average,0.5005777777777778,0.50045
