,acc,uar
fold1,0.54,0.54
fold2,0.4975,0.4975
fold3,0.5375,0.5375
fold4,0.535,0.535
fold5,0.52375,0.5237499999999999
average,0.52675,0.52675
