,acc,uar
fold1,0.6,0.5585
fold2,0.5044444444444445,0.54825
fold3,0.54,0.54
fold4,0.545,0.5449999999999999
fold5,0.522,0.522
average,0.5422888888888888,0.5427500000000001
