,acc,uar
fold1,0.8444444444444444,0.8375
fold2,0.8,0.8049999999999999
fold3,0.83,0.83
fold4,0.88,0.88
fold5,0.81,0.81
average,0.8328888888888889,0.8324999999999999
