,acc,uar
fold1,0.5388888888888889,0.50225
fold2,0.47444444444444445,0.51125
fold3,0.427,0.427
fold4,0.466,0.466
fold5,0.489,0.489
average,0.47906666666666664,0.4791
