,acc,uar
fold1,0.55625,0.55625
fold2,0.47125,0.47125
fold3,0.5125,0.5125
fold4,0.49625,0.49625
fold5,0.51625,0.51625
average,0.5105,0.5105
