,acc,rec,epoch,dataset
fold1,0.6907317073170731,0.6721813165172411,97,crema-d
