,acc,rec,epoch,dataset
fold1,0.6907317073170731,0.6721813165172411,97,crema-d
fold2,0.707936507936508,0.6344902086570053,88,crema-d
fold3,0.7602150537634409,0.6934681638490585,81,crema-d
fold4,0.7158006362672322,0.6102511736933264,94,crema-d
fold5,0.7047120418848167,0.6492246094293851,72,crema-d
average,0.7158791894338141,0.6519230944292033,72,crema-d
