,acc,rec,epoch,dataset
fold1,0.6026871401151631,0.5493747190776339,52,iemocap
fold2,0.6698113207547169,0.5274586218544165,51,iemocap
fold3,0.580542264752791,0.5103717321573202,44,iemocap
fold4,0.5898876404494382,0.5705653913987248,95,iemocap
fold5,0.6114911080711354,0.5336167055127985,93,iemocap
average,0.610883894828649,0.5382774340001788,93,iemocap
