,acc,rec,epoch,dataset
fold1,0.6772315653298836,0.6407311895200313,67,iemocap_crema-d
fold1,0.6410748560460653,0.6108576979219247,67,iemocap
fold1,0.6956097560975609,0.5955500835510492,67,crema-d
