,acc,rec,epoch,dataset
fold1,0.5940119760479042,0.47506844334339376,64,msp-improv
fold2,0.5774767146486028,0.483626285837265,82,msp-improv
fold3,0.5314685314685315,0.4531595403238259,78,msp-improv
fold4,0.5813449023861171,0.5199777495232041,90,msp-improv
fold5,0.4869158878504673,0.39968860170244247,81,msp-improv
average,0.5542436024803246,0.46630412414602623,81,msp-improv
