,acc,uar
fold1,0.8078571428571428,0.8190514842300556
fold2,0.8614285714285714,0.8646232439335888
fold3,0.855,0.8555546937350869
fold4,0.8457142857142858,0.8472269007065703
fold5,0.8321428571428572,0.8380204738900391
average,0.8404285714285713,0.8448953592990682
