,acc,uar
fold1,0.9311111111111111,0.9359429268750586
fold2,0.9144444444444444,0.9077953849871134
fold3,0.924,0.9250848488729508
fold4,0.899,0.9004124006400667
fold5,0.9485,0.9480327042436743
average,0.923411111111111,0.9234536531237728
