,acc,uar
fold1,0.965625,0.9651667042126606
fold2,0.93875,0.9381862532999731
fold3,0.931875,0.931626559275548
fold4,0.92625,0.9258772999231015
fold5,0.94625,0.9461678889159806
average,0.9417500000000001,0.9414049411254528
