,acc,rec,epoch,dataset
fold1,0.688780487804878,0.6121334993808547,71,crema-d
fold2,0.6708994708994709,0.5897781709519638,65,crema-d
fold3,0.7430107526881721,0.6241803190568498,70,crema-d
