,acc,uar
fold1,0.7342857142857143,0.7142273361834885
fold2,0.7035714285714286,0.7002201298316763
fold3,0.7628571428571429,0.7542725248821373
fold4,0.7114285714285714,0.7081339810623
fold5,0.7057142857142857,0.6988490747804815
average,0.7235714285714285,0.7151406093480166
