,acc,uar
fold1,0.896875,0.8968034554527445
fold2,0.823125,0.8232978730053565
fold3,0.825,0.8252398348629303
fold4,0.883125,0.8817002737426318
fold5,0.849375,0.8490626626101061
average,0.8554999999999999,0.855220819934754
