,acc,uar
fold1,0.7666666666666667,0.7839561906503154
fold2,0.7288888888888889,0.7032054303643791
fold3,0.724,0.7226340148245337
fold4,0.6955,0.6958637834551338
fold5,0.77,0.7695599260393344
average,0.7370111111111112,0.7350438690667392
