,acc,uar
fold1,0.5577777777777778,0.5025
fold2,0.44555555555555554,0.501
fold3,0.499,0.499
fold4,0.501,0.501
fold5,0.5,0.5
average,0.5006666666666667,0.5006999999999999
