,acc,uar
fold1,0.47625,0.47625
fold2,0.4775,0.47750000000000004
fold3,0.4825,0.4825
fold4,0.5225,0.5225
fold5,0.495,0.495
average,0.49074999999999996,0.49074999999999996
