,acc,uar
fold1,0.950625,0.949227761485826
fold2,0.89625,0.8969848303967098
fold3,0.908125,0.9068196594233702
fold4,0.91625,0.921526780992672
fold5,0.91875,0.9172783398135511
average,0.9179999999999999,0.918367474422426
