,acc,uar
fold1,0.9116666666666666,0.9160715017528958
fold2,0.9016666666666666,0.8918121483913592
fold3,0.8845,0.8861018729214073
fold4,0.903,0.9016308174892773
fold5,0.91,0.9115149781053444
average,0.9021666666666667,0.9014262637320568
