,acc,uar
fold1,0.7135714285714285,0.7292952377809314
fold2,0.7457142857142857,0.7487213516410597
fold3,0.7471428571428571,0.7491787984018978
fold4,0.7185714285714285,0.7280066154135861
fold5,0.7285714285714285,0.7400979484980479
average,0.7307142857142856,0.7390599903471046
