,acc,uar
fold1,0.8605555555555555,0.8438909471649485
fold2,0.85,0.8670685905063713
fold3,0.861,0.8602869703309319
fold4,0.877,0.8778631069116598
fold5,0.8445,0.841919782009371
average,0.858611111111111,0.8582058793846565
