,acc,uar
fold1,0.933125,0.9324968618641856
fold2,0.871875,0.8688317660528935
fold3,0.9025,0.9023298765138885
fold4,0.876875,0.8798389102587165
fold5,0.8925,0.8917256382686105
average,0.8953749999999999,0.8950446105916589
