,acc,uar
fold1,0.7342857142857143,0.7538862883985107
fold2,0.7021428571428572,0.6998771305701998
fold3,0.71,0.7019108176141751
fold4,0.7378571428571429,0.7327209313248018
fold5,0.7392857142857143,0.754838949209597
average,0.7247142857142858,0.7286468234234569
