,acc,uar
fold1,0.6188888888888889,0.59
fold2,0.49666666666666665,0.52475
fold3,0.514,0.514
fold4,0.525,0.525
fold5,0.52,0.52
average,0.5349111111111111,0.5347500000000001
