,acc,uar
fold1,0.6525,0.6525000000000001
fold2,0.59125,0.59125
fold3,0.575,0.575
fold4,0.62375,0.62375
fold5,0.55625,0.5562499999999999
average,0.59975,0.59975
