,acc,uar
fold1,0.55375,0.55375
fold2,0.53125,0.53125
fold3,0.52625,0.52625
fold4,0.5375,0.5375
fold5,0.55,0.55
average,0.5397500000000001,0.5397500000000001
