,acc,uar
fold1,0.6333333333333333,0.61225
fold2,0.4766666666666667,0.50625
fold3,0.544,0.544
fold4,0.597,0.597
fold5,0.558,0.558
average,0.5618000000000001,0.5635
