,acc,uar
fold1,0.6342857142857142,0.6278399920542299
fold2,0.5914285714285714,0.5847325211593242
fold3,0.6,0.5959740781097667
fold4,0.5928571428571429,0.5897008643873631
fold5,0.5657142857142857,0.5627689018647966
average,0.5968571428571429,0.592203271515096
