,acc,uar
fold1,0.525,0.5348226594811379
fold2,0.5983333333333334,0.584259808358563
fold3,0.555,0.5594081599161033
fold4,0.5265,0.5302619552692882
fold5,0.593,0.5933533401800616
average,0.5595666666666668,0.5604211846410309
