,acc,uar
fold1,0.641875,0.6422956711986247
fold2,0.591875,0.5912602630081478
fold3,0.6225,0.6226692859118677
fold4,0.600625,0.5984336580513168
fold5,0.628125,0.6280035502718178
average,0.617,0.616532485688355
