,acc,uar
fold1,0.5777777777777777,0.5375
fold2,0.4777777777777778,0.52
fold3,0.49,0.49
fold4,0.56,0.56
fold5,0.51,0.51
average,0.5231111111111112,0.5235
