,acc,uar
fold1,0.7875,0.7875000000000001
fold2,0.8125,0.8125
fold3,0.825,0.825
fold4,0.8125,0.8125
fold5,0.6875,0.6875
average,0.7849999999999999,0.7849999999999999
