,acc,uar
fold1,0.7333333333333333,0.74
fold2,0.7777777777777778,0.7725
fold3,0.63,0.63
fold4,0.73,0.73
fold5,0.74,0.74
average,0.7222222222222221,0.7224999999999999
