,acc,uar
fold1,0.8625,0.8625
fold2,0.7375,0.7375
fold3,0.78875,0.7887500000000001
fold4,0.865,0.865
fold5,0.84875,0.84875
average,0.8205,0.8205
