,acc,uar
fold1,0.55375,0.55375
fold2,0.51,0.51
fold3,0.5225,0.5225
fold4,0.50125,0.50125
fold5,0.57125,0.57125
average,0.53175,0.53175
