,acc,uar
fold1,0.5888888888888889,0.53975
fold2,0.4811111111111111,0.531
fold3,0.514,0.514
fold4,0.521,0.521
fold5,0.497,0.497
average,0.5204,0.52055
