,acc,uar
fold1,0.7922222222222223,0.78075
fold2,0.6922222222222222,0.70275
fold3,0.765,0.765
fold4,0.757,0.757
fold5,0.741,0.741
average,0.7494888888888889,0.7493000000000001
