,acc,uar
fold1,0.62625,0.62625
fold2,0.5975,0.5975
fold3,0.5925,0.5925
fold4,0.5975,0.5975
fold5,0.57875,0.57875
average,0.5984999999999999,0.5984999999999999
