,acc,uar
fold1,0.68875,0.68875
fold2,0.6575,0.6575
fold3,0.575,0.575
fold4,0.6675,0.6675
fold5,0.63375,0.63375
average,0.6445000000000001,0.6445000000000001
