,acc,uar,epoch,dataset
fold1,0.6836998706338939,0.6541313435968119,188,iemocap_crema-d
fold2,0.6569491525423728,0.634119717807501,194,iemocap_crema-d
fold3,0.6698779704560052,0.6369328938340151,184,iemocap_crema-d
fold4,0.6452268111035884,0.6045475698270308,190,iemocap_crema-d
fold5,0.6631079478054567,0.659829682085425,168,iemocap_crema-d
average,0.6637723505082634,0.6379122414301568,168,iemocap_crema-d
