,acc,uar,epoch,dataset
fold1,0.7229268292682927,0.6222921773078564,183,crema-d
fold2,0.6793650793650794,0.6179648007057204,159,crema-d
fold3,0.7440860215053764,0.6432964028283676,196,crema-d
fold4,0.7126193001060446,0.6382259048441641,173,crema-d
fold5,0.7361256544502618,0.6595865810951517,195,crema-d
average,0.719024576939011,0.636273173356252,195,crema-d
