,acc,uar,epoch,dataset
fold1,0.5969289827255279,0.5613055952317128,123,iemocap
fold2,0.660377358490566,0.6715565881509135,194,iemocap
fold3,0.5853269537480064,0.5216547317041842,134,iemocap
fold4,0.5449438202247191,0.5151439822416833,154,iemocap
fold5,0.5950752393980848,0.5870242704518969,178,iemocap
average,0.5965304709173809,0.5713370335560781,178,iemocap
