,acc,uar,epoch,dataset
fold1,0.6135693215339233,0.5547030978520577,188,iemocap_msp-improv
fold2,0.575686732904734,0.5074433340144788,153,iemocap_msp-improv
fold3,0.5621351125938282,0.5061708344503922,193,iemocap_msp-improv
fold4,0.5714285714285714,0.5315578255151919,168,iemocap_msp-improv
fold5,0.5458078845086063,0.48425206801604237,195,iemocap_msp-improv
average,0.5737255245939326,0.5168254319696326,195,iemocap_msp-improv
