,acc,uar,epoch,dataset
fold1,0.6424731182795699,0.5851531792472593,188,msp-improv_crema-d
fold2,0.5846660395108184,0.5420597938911823,196,msp-improv_crema-d
fold3,0.6657789613848203,0.59523235376639,195,msp-improv_crema-d
fold4,0.6107238605898123,0.5371854219596504,172,msp-improv_crema-d
fold5,0.577283950617284,0.52398434525027,197,msp-improv_crema-d
average,0.616185186076461,0.5567230188229504,197,msp-improv_crema-d
