,acc,uar,epoch,dataset
fold1,0.6113569321533924,0.551246563730921,187,iemocap_msp-improv
fold2,0.5791934541203975,0.5101847199567916,198,iemocap_msp-improv
fold3,0.5646371976647206,0.49788218318197636,182,iemocap_msp-improv
fold4,0.5810439560439561,0.5483930241571843,197,iemocap_msp-improv
fold5,0.5730149916712938,0.4972341070179699,168,iemocap_msp-improv
average,0.581849306330752,0.5209881196089686,168,iemocap_msp-improv
