,acc,uar,epoch,dataset
fold1,0.5760479041916168,0.47235950507596247,73,msp-improv
fold2,0.5554614733276884,0.40878489133133483,60,msp-improv
fold3,0.5472027972027972,0.44288752836278994,85,msp-improv
fold4,0.56941431670282,0.5022303454121636,105,msp-improv
fold5,0.5009345794392523,0.398229269763295,100,msp-improv
average,0.5498122141728349,0.44489830798910923,100,msp-improv
