,acc,uar,epoch,dataset
fold1,0.6353166986564299,0.6087116660040861,178,iemocap
fold2,0.6660377358490566,0.6727874371870318,198,iemocap
fold3,0.6108452950558214,0.5593144443374044,189,iemocap
fold4,0.5617977528089888,0.5457842125945573,185,iemocap
fold5,0.6046511627906976,0.5850504383500056,157,iemocap
average,0.6157297290321988,0.594329639694617,157,iemocap
