,acc,uar,epoch,dataset
fold1,0.7160975609756097,0.6063023459196278,171,crema-d
fold2,0.6687830687830688,0.5942394183482845,107,crema-d
fold3,0.7537634408602151,0.6918320392997499,198,crema-d
fold4,0.7126193001060446,0.5909482447318555,107,crema-d
fold5,0.7308900523560209,0.6830772657851039,162,crema-d
average,0.7164306846161919,0.6332798628169243,162,crema-d
