,acc,uar,epoch,dataset
fold1,0.5844311377245509,0.49693718009977095,153,msp-improv
fold2,0.54614733276884,0.4742038588846149,172,msp-improv
fold3,0.5559440559440559,0.4901312581339069,198,msp-improv
fold4,0.5726681127982647,0.5295083704174613,192,msp-improv
fold5,0.5177570093457944,0.4386609723744493,163,msp-improv
average,0.5553895297163012,0.48588832798204074,163,msp-improv
