,acc,uar,epoch,dataset
fold1,0.646236559139785,0.5877800402726105,179,msp-improv_crema-d
fold2,0.5945437441204139,0.5518687622676525,177,msp-improv_crema-d
fold3,0.6584553928095872,0.6131470872387021,191,msp-improv_crema-d
fold4,0.6246648793565683,0.5746364251493892,186,msp-improv_crema-d
fold5,0.5738271604938272,0.5154444810888559,196,msp-improv_crema-d
average,0.6195455471840362,0.568575359203442,196,msp-improv_crema-d
