,acc,uar,epoch,dataset
fold1,0.6824062095730918,0.6556907715635516,170,iemocap_crema-d
fold2,0.6528813559322034,0.6531391038586113,162,iemocap_crema-d
fold3,0.6782273603082851,0.6613473146455056,184,iemocap_crema-d
fold4,0.6418415707515234,0.5947704822097856,178,iemocap_crema-d
fold5,0.6684460260972717,0.644633261311828,193,iemocap_crema-d
average,0.664760504532475,0.6419161867178564,193,iemocap_crema-d
