,acc,uar
fold1,0.9075,0.9075
fold2,0.87625,0.87625
fold3,0.88625,0.88625
fold4,0.8725,0.8725
fold5,0.90625,0.90625
average,0.88975,0.88975
