,acc,uar
fold1,0.9,0.9
fold2,0.875,0.875
fold3,0.825,0.825
fold4,0.825,0.825
fold5,0.7875,0.7875
average,0.8424999999999999,0.8424999999999999
