,acc,uar
fold1,0.8,0.8200000000000001
fold2,0.7666666666666667,0.7375
fold3,0.64,0.64
fold4,0.69,0.6900000000000001
fold5,0.75,0.75
average,0.7293333333333334,0.7275
