,acc,uar
fold1,0.5322222222222223,0.49
fold2,0.43444444444444447,0.474
fold3,0.485,0.485
fold4,0.491,0.491
fold5,0.495,0.495
average,0.4875333333333334,0.487
