,acc,uar
fold1,0.52125,0.52125
fold2,0.4875,0.4875
fold3,0.52625,0.52625
fold4,0.49375,0.49374999999999997
fold5,0.4975,0.4975
average,0.50525,0.50525
