,acc,uar,epoch,dataset
fold1,0.5317365269461077,0.430009578803366,172,msp-improv
fold2,0.5207451312447079,0.5126589457656582,175,msp-improv
fold3,0.5104895104895105,0.4338743603733223,174,msp-improv
fold4,0.5466377440347071,0.494850603941513,174,msp-improv
fold5,0.4981308411214953,0.4403146233840566,160,msp-improv
average,0.5215479507673058,0.46234162245358323,160,msp-improv
