,acc,uar,epoch,dataset
fold1,0.6926829268292682,0.6412888081111178,176,crema-d
fold2,0.6994708994708995,0.6457734851597201,197,crema-d
fold3,0.7225806451612903,0.6714792633960909,183,crema-d
fold4,0.7327677624602333,0.6682762138430187,166,crema-d
fold5,0.7047120418848167,0.6897534617113262,197,crema-d
average,0.7104428551613016,0.6633142464442547,197,crema-d
