,acc,uar,epoch,dataset
fold1,0.6604139715394567,0.6274790876601877,177,iemocap_crema-d
fold2,0.6766101694915254,0.6628932720465145,196,iemocap_crema-d
fold3,0.6640976236351959,0.6423843449073051,174,iemocap_crema-d
fold4,0.6905890318212593,0.6683010851097149,167,iemocap_crema-d
fold5,0.6405693950177936,0.6316676495704749,184,iemocap_crema-d
average,0.6664560383010463,0.6465450878588395,184,iemocap_crema-d
