,acc,uar,epoch,dataset
fold1,0.6387096774193548,0.5649480930002924,143,msp-improv_crema-d
fold2,0.603480714957667,0.5699800332404383,195,msp-improv_crema-d
fold3,0.6324900133155792,0.5748041651005841,192,msp-improv_crema-d
fold4,0.6353887399463807,0.5877009490765558,192,msp-improv_crema-d
fold5,0.5955555555555555,0.5650692090560929,188,msp-improv_crema-d
average,0.6211249402389074,0.5725004898947927,188,msp-improv_crema-d
