,acc,uar,epoch,dataset
fold1,0.6199616122840691,0.6038751965402841,134,iemocap
average,0.7104428551613016,0.6633142464442547,197,crema-d