,acc,uar,epoch,dataset
fold1,0.6122840690978887,0.6078774867424875,184,iemocap
fold2,0.720754716981132,0.7564495127402576,155,iemocap
fold3,0.5550239234449761,0.5446079480784531,172,iemocap
fold4,0.5898876404494382,0.5956987775953293,197,iemocap
fold5,0.5745554035567716,0.5547700880840969,162,iemocap
average,0.6105011507060414,0.611880762648125,162,iemocap
