,acc,uar,epoch,dataset
fold1,0.5760479041916168,0.48091976504071676,93,msp-improv
fold2,0.5258255715495342,0.5051038738224309,157,msp-improv
fold3,0.527972027972028,0.44343445294721734,142,msp-improv
fold4,0.5542299349240781,0.5274581479126934,196,msp-improv
fold5,0.4869158878504673,0.41078362414231057,124,msp-improv
average,0.5341982652975449,0.4735399727730738,124,msp-improv
