,acc,uar,epoch,dataset
fold1,0.697560975609756,0.6385951798904377,162,crema-d
fold2,0.6931216931216931,0.6315044850833123,178,crema-d
fold3,0.7204301075268817,0.6820625373100693,162,crema-d
fold4,0.7370095440084835,0.6266604866052916,169,crema-d
fold5,0.7141361256544503,0.6882914128383335,170,crema-d
average,0.712451689184253,0.6534228203454889,170,crema-d
