,acc,uar,epoch,dataset
fold1,0.6065259117082533,0.6023450336971963,137,iemocap
fold2,0.7037735849056603,0.7298800713726401,172,iemocap
fold3,0.5869218500797448,0.5596567940086132,125,iemocap
fold4,0.5936329588014981,0.5946367170505101,156,iemocap
fold5,0.5800273597811217,0.5959339487585998,127,iemocap
average,0.6141763330552557,0.6164905129775119,127,iemocap
