,acc,uar,epoch,dataset
fold1,0.5803834808259587,0.5240228078654701,168,iemocap_msp-improv
fold2,0.6019871420222093,0.5554108951477901,159,iemocap_msp-improv
fold3,0.5704753961634695,0.5201183262958553,195,iemocap_msp-improv
fold4,0.5583791208791209,0.529704477648203,174,iemocap_msp-improv
fold5,0.5446973903387007,0.4810379147279391,168,iemocap_msp-improv
average,0.5711845060458918,0.5220588843370516,168,iemocap_msp-improv
