,acc,uar
fold1,0.5125,0.5125000000000001
fold2,0.51625,0.51625
fold3,0.51,0.51
fold4,0.5125,0.5125
fold5,0.51625,0.51625
average,0.5135,0.5135
