,acc,uar
fold1,0.8014285714285714,0.8124258306962026
fold2,0.8521428571428571,0.8520027591893045
fold3,0.8464285714285714,0.8497828863346104
fold4,0.8321428571428572,0.832012922475352
fold5,0.8371428571428572,0.8483427754158259
average,0.8338571428571429,0.8389134348222591
