,acc,uar
fold1,0.96625,0.9663385891364098
fold2,0.880625,0.8773791149246799
fold3,0.8875,0.8856785588683522
fold4,0.88625,0.8867784194604865
fold5,0.9,0.8999999999999999
average,0.904125,0.9032349364779858
