,acc,uar
fold1,0.9316666666666666,0.9346754231874801
fold2,0.9377777777777778,0.9335211500807169
fold3,0.9335,0.9328600965679081
fold4,0.915,0.9148229336256105
fold5,0.965,0.9651270233284046
average,0.9365888888888889,0.936201325358024
