,acc,uar
fold1,0.4955555555555556,0.5072161953337984
fold2,0.5533333333333333,0.5433427648696735
fold3,0.545,0.5448996163861899
fold4,0.561,0.5612682450729803
fold5,0.5815,0.5811017299155692
average,0.5472777777777778,0.5475657103156423
