,acc,uar
fold1,0.6,0.6000693754335965
fold2,0.56125,0.56125
fold3,0.566875,0.5680742913000978
fold4,0.56125,0.5615801389012749
fold5,0.595625,0.5928974835797158
average,0.577,0.576774257842937
