,acc,uar
fold1,0.5635714285714286,0.5581543688897463
fold2,0.5757142857142857,0.5777203289286947
fold3,0.6235714285714286,0.6271771870089051
fold4,0.6485714285714286,0.6496137517842155
fold5,0.6135714285714285,0.6118669860158596
average,0.605,0.6049065245254843
