,acc,uar
fold1,0.92625,0.9274682306940372
fold2,0.863125,0.8634078631452581
fold3,0.8625,0.8629381492438415
fold4,0.898125,0.8975863319246831
fold5,0.869375,0.8687208028369992
average,0.8838750000000001,0.8840242755689639
