,acc,uar
fold1,0.8816666666666667,0.881625
fold2,0.8555555555555555,0.8540515745597415
fold3,0.8255,0.8261566990820103
fold4,0.8355,0.8366505757892335
fold5,0.8565,0.8573354778823379
average,0.8509444444444444,0.8511638654626645
