,acc,uar
fold1,0.7671428571428571,0.7495727823520273
fold2,0.7707142857142857,0.7717689678044799
fold3,0.7242857142857143,0.718271832705748
fold4,0.7185714285714285,0.7147575675250583
fold5,0.7471428571428571,0.7434772305706044
average,0.7455714285714284,0.7395696761915835
