,acc,uar
fold1,0.8,0.7925
fold2,0.6777777777777778,0.6925
fold3,0.68,0.6799999999999999
fold4,0.69,0.69
fold5,0.7,0.7
average,0.7095555555555556,0.711
