,acc,uar
fold1,0.69125,0.6912499999999999
fold2,0.63625,0.63625
fold3,0.68875,0.68875
fold4,0.6925,0.6925
fold5,0.6475,0.6475
average,0.67125,0.6712499999999999
