,acc,uar,epoch,dataset
fold1,0.6839024390243903,0.6135595251003612,191,crema-d
fold2,0.68994708994709,0.605439393723375,137,crema-d
fold3,0.7247311827956989,0.6054081734187929,192,crema-d
fold4,0.7306468716861082,0.6356890884321167,110,crema-d
fold5,0.6827225130890052,0.5898131295145895,54,crema-d
average,0.7023900193084585,0.6099818620378471,54,crema-d
