,acc,uar,epoch,dataset
fold1,0.5808383233532934,0.48136598475329473,99,msp-improv
fold2,0.5385266723116003,0.4885733547250027,146,msp-improv
fold3,0.5227272727272727,0.4474401978050191,188,msp-improv
fold4,0.5553145336225597,0.5098219961856325,137,msp-improv
fold5,0.48878504672897194,0.40363828711927685,160,msp-improv
average,0.5372383697487396,0.46616796411764516,160,msp-improv
