,acc,uar,epoch,dataset
fold1,0.6218809980806143,0.6163091513337428,97,iemocap
fold2,0.7528301886792453,0.6678703305645546,71,iemocap
fold3,0.5757575757575758,0.5060723804630551,66,iemocap
fold4,0.602996254681648,0.5833052643397472,145,iemocap
fold5,0.5909712722298222,0.5927268505646492,180,iemocap
average,0.6288872578857811,0.5932567954531497,180,iemocap
