,acc,uar,epoch,dataset
fold1,0.6327956989247312,0.5527965093290066,189,msp-improv_crema-d
fold2,0.6053621825023519,0.5557381504561517,192,msp-improv_crema-d
fold3,0.6271637816245007,0.5516125002015122,175,msp-improv_crema-d
fold4,0.6284182305630027,0.570009504416486,184,msp-improv_crema-d
fold5,0.5812345679012346,0.533253208838478,182,msp-improv_crema-d
average,0.6149948923031643,0.5526819746483269,182,msp-improv_crema-d
