,acc,uar,epoch,dataset
fold1,0.6423027166882277,0.6213317584914679,197,iemocap_crema-d
fold2,0.6759322033898305,0.6514687187753994,176,iemocap_crema-d
fold3,0.6480411046885035,0.6269432864730802,177,iemocap_crema-d
fold4,0.6729857819905213,0.6461133636395777,197,iemocap_crema-d
fold5,0.641755634638197,0.6520005368036305,170,iemocap_crema-d
average,0.656203488279056,0.6395715328366312,170,iemocap_crema-d
