,acc,uar,epoch,dataset
fold1,0.5796460176991151,0.5296563374151282,158,iemocap_msp-improv
fold2,0.5914669783752192,0.5443043819986598,192,iemocap_msp-improv
fold3,0.5471226021684737,0.47107070171974647,187,iemocap_msp-improv
fold4,0.5638736263736264,0.519437461645182,198,iemocap_msp-improv
fold5,0.5397001665741255,0.4619199854173334,191,iemocap_msp-improv
average,0.564361878238112,0.50527777363921,191,iemocap_msp-improv
