,acc,rec,epoch,dataset
fold1,0.637125748502994,0.5647006294726057,87,msp-improv
