,acc,rec,epoch,dataset
fold1,0.6621880998080614,0.6825476843061467,93,iemocap
fold2,0.7075471698113207,0.7558589337532928,89,iemocap
fold3,0.583732057416268,0.5222335506245787,68,iemocap
fold4,0.651685393258427,0.6468236425132977,77,iemocap
fold5,0.6415868673050615,0.6332846524257142,94,iemocap
average,0.6493479175198278,0.648149692724606,94,iemocap
