,acc,rec,epoch,dataset
fold1,0.723156532988357,0.7077344125297698,92,iemocap_crema-d
fold1,0.6641074856046065,0.6779461949160344,92,iemocap
fold1,0.7531707317073171,0.6984987395268054,92,crema-d
