,acc,rec,epoch,dataset
fold1,0.6347305389221557,0.5582663279292492,82,msp-improv
fold2,0.6045723962743438,0.5387990545228579,72,msp-improv
