,acc,rec,epoch,dataset
fold1,0.7658536585365854,0.7329381170175211,77,crema-d
