,acc,rec,epoch,dataset
fold1,0.637125748502994,0.5647006294726057,87,msp-improv
fold2,0.5910245554614734,0.5777793089999254,99,msp-improv
fold3,0.5856643356643356,0.5260906737046636,65,msp-improv
fold4,0.579175704989154,0.5096365755456664,68,msp-improv
fold5,0.5102803738317757,0.44622196660546304,85,msp-improv
average,0.5806541436899465,0.5248858308656648,85,msp-improv
