,acc,uar
fold1,0.5488888888888889,0.497
fold2,0.44666666666666666,0.501
fold3,0.508,0.508
fold4,0.496,0.496
fold5,0.503,0.503
average,0.5005111111111111,0.501
