,acc,uar
fold1,0.50375,0.50375
fold2,0.4675,0.4675
fold3,0.53125,0.53125
fold4,0.49625,0.49624999999999997
fold5,0.48,0.48
average,0.49574999999999997,0.49574999999999997
