,acc,uar
fold1,0.8111111111111111,0.8225
fold2,0.7111111111111111,0.6925
fold3,0.71,0.71
fold4,0.68,0.68
fold5,0.76,0.76
average,0.7344444444444445,0.733
