,acc,uar
fold1,0.5277777777777778,0.484
fold2,0.4622222222222222,0.50125
fold3,0.533,0.533
fold4,0.547,0.547
fold5,0.48,0.48
average,0.51,0.50905
