,acc,rec,epoch,dataset
fold1,0.6449136276391555,0.6110464301237121,83,iemocap
fold2,0.690566037735849,0.7007353257281479,67,iemocap
