,acc,uar
fold1,0.5611111111111111,0.50725
fold2,0.4444444444444444,0.49975
fold3,0.503,0.503
fold4,0.504,0.504
fold5,0.498,0.498
average,0.5021111111111111,0.5024000000000001
