,acc,uar
fold1,0.475,0.475
fold2,0.5,0.5
fold3,0.49625,0.49624999999999997
fold4,0.495,0.495
fold5,0.50125,0.50125
average,0.49350000000000005,0.49350000000000005
