,acc,uar
fold1,0.9011111111111111,0.903
fold2,0.9066666666666666,0.90225
fold3,0.885,0.885
fold4,0.885,0.885
fold5,0.908,0.908
average,0.8971555555555556,0.89665
