,acc,uar
fold1,0.91,0.91
fold2,0.88125,0.88125
fold3,0.90125,0.90125
fold4,0.87125,0.87125
fold5,0.9175,0.9175
average,0.8962499999999999,0.8962499999999999
