,acc,uar
fold1,0.5533333333333333,0.4985
fold2,0.44333333333333336,0.49725
fold3,0.497,0.497
fold4,0.495,0.495
fold5,0.503,0.503
average,0.49833333333333335,0.49815000000000004
