,acc,uar
fold1,0.53125,0.53125
fold2,0.53625,0.5362499999999999
fold3,0.48625,0.48624999999999996
fold4,0.5375,0.5375
fold5,0.505,0.505
average,0.51925,0.51925
