,acc,uar
fold1,0.946875,0.9478496237779821
fold2,0.894375,0.8923843959563607
fold3,0.9,0.8994880962054116
fold4,0.90375,0.90485836287363
fold5,0.923125,0.9238859993498537
average,0.913625,0.9136932956326476
