,acc,uar
fold1,0.7885714285714286,0.7906010441448585
fold2,0.7721428571428571,0.7758479570455736
fold3,0.7585714285714286,0.7618915040359975
fold4,0.7757142857142857,0.7759124564282157
fold5,0.7735714285714286,0.7812408275193918
average,0.7737142857142858,0.7770987578348073
