,acc,uar
fold1,0.9494444444444444,0.9509304978642565
fold2,0.9305555555555556,0.9294566325001499
fold3,0.928,0.9280917123668495
fold4,0.9375,0.9380759910273773
fold5,0.9385,0.9386531660559121
average,0.9368000000000001,0.9370415999629091
