,acc,uar
fold1,0.8861111111111111,0.8920346213634237
fold2,0.8827777777777778,0.877444860590928
fold3,0.869,0.8669917215096636
fold4,0.891,0.890947890947891
fold5,0.8985,0.898991202275646
average,0.8854777777777778,0.8852820593375104
