,acc,uar
fold1,0.7842857142857143,0.7728746798074586
fold2,0.7057142857142857,0.7015538744632999
fold3,0.6907142857142857,0.6831081081081081
fold4,0.7242857142857143,0.7222889155662264
fold5,0.6764285714285714,0.6679560431461742
average,0.7162857142857142,0.7095563242182534
