,acc,uar
fold1,0.959375,0.9596213485394158
fold2,0.8975,0.8969999265568771
fold3,0.9125,0.9120107388591369
fold4,0.935625,0.9362463343108505
fold5,0.896875,0.8972205857303814
average,0.9203749999999999,0.9204197867993325
