,acc,uar
fold1,0.51125,0.51125
fold2,0.50125,0.50125
fold3,0.54875,0.54875
fold4,0.505,0.505
fold5,0.52125,0.52125
average,0.5174999999999998,0.5174999999999998
