,acc,uar
fold1,0.5533333333333333,0.4995
fold2,0.43777777777777777,0.492
fold3,0.497,0.497
fold4,0.499,0.499
fold5,0.501,0.501
average,0.4976222222222222,0.49770000000000003
