,acc,uar
fold1,0.8661111111111112,0.864442883421941
fold2,0.86,0.8626516936017543
fold3,0.8835,0.8832933784987984
fold4,0.8725,0.8722956105679218
fold5,0.8855,0.8855061677265493
average,0.8735222222222223,0.8736379467633929
