,acc,uar
fold1,0.831875,0.8393726563148847
fold2,0.8125,0.8131489349068972
fold3,0.765625,0.7717383144830348
fold4,0.789375,0.7917504715735318
fold5,0.79,0.7882788278827882
average,0.7978750000000001,0.8008578410322273
