,acc,uar
fold1,0.7357142857142858,0.7528565064345906
fold2,0.745,0.745624168306243
fold3,0.7707142857142857,0.7730805675589574
fold4,0.755,0.7570599668438804
fold5,0.7128571428571429,0.7163498207709406
average,0.7438571428571429,0.7489942059829224
