,acc,uar
fold1,0.87625,0.87625
fold2,0.75875,0.75875
fold3,0.80875,0.80875
fold4,0.8675,0.8674999999999999
fold5,0.845,0.845
average,0.83125,0.83125
