,acc,uar
fold1,0.7455555555555555,0.76625
fold2,0.7511111111111111,0.721
fold3,0.712,0.712
fold4,0.693,0.693
fold5,0.786,0.786
average,0.7375333333333334,0.73565
