,acc,uar
fold1,0.6044444444444445,0.55825
fold2,0.5166666666666667,0.56325
fold3,0.539,0.539
fold4,0.548,0.548
fold5,0.514,0.514
average,0.5444222222222223,0.5445
