,acc,uar
fold1,0.5375,0.5375000000000001
fold2,0.53,0.53
fold3,0.51125,0.51125
fold4,0.5425,0.5425
fold5,0.50625,0.50625
average,0.5255,0.5255
