,acc,uar
fold1,0.5622222222222222,0.5115
fold2,0.47333333333333333,0.5245
fold3,0.492,0.492
fold4,0.517,0.517
fold5,0.501,0.501
average,0.5091111111111111,0.5092
