,acc,uar
fold1,0.54375,0.54375
fold2,0.51875,0.51875
fold3,0.54,0.54
fold4,0.49625,0.49624999999999997
fold5,0.50875,0.50875
average,0.5215,0.5215
