,acc,uar
fold1,0.56625,0.56625
fold2,0.55625,0.55625
fold3,0.535,0.535
fold4,0.55375,0.55375
fold5,0.5475,0.5475
average,0.55175,0.55175
