,acc,uar
fold1,0.72,0.7055
fold2,0.6588888888888889,0.6717500000000001
fold3,0.724,0.724
fold4,0.698,0.698
fold5,0.696,0.696
average,0.6993777777777778,0.6990500000000001
