,acc,uar
fold1,0.5175,0.5175000000000001
fold2,0.50125,0.50125
fold3,0.48625,0.48624999999999996
fold4,0.50125,0.50125
fold5,0.52375,0.52375
average,0.506,0.506
