,acc,uar
fold1,0.55,0.49724999999999997
fold2,0.44555555555555554,0.498
fold3,0.507,0.507
fold4,0.505,0.505
fold5,0.499,0.499
average,0.501311111111111,0.50125
