,acc,uar
fold1,0.625,0.6231454145212694
fold2,0.55,0.5484734065164663
fold3,0.60875,0.6088975556097226
fold4,0.56,0.5582518579208486
fold5,0.50875,0.5095099099324337
average,0.5705,0.5696556289001482
