,acc,uar
fold1,0.49,0.4968810913742078
fold2,0.5888888888888889,0.5795743394567263
fold3,0.566,0.5675697300411259
fold4,0.551,0.5505519549675947
fold5,0.553,0.5554971857410882
average,0.5497777777777777,0.5500148603161487
