,acc,uar
fold1,0.5507142857142857,0.5469705197508619
fold2,0.4707142857142857,0.4641910031430068
fold3,0.44285714285714284,0.44545454545454544
fold4,0.5514285714285714,0.5507603428692831
fold5,0.5121428571428571,0.5043155359293456
average,0.5055714285714286,0.5023383894294084
