,acc,uar
fold1,0.5388888888888889,0.509
fold2,0.45,0.47675
fold3,0.491,0.491
fold4,0.468,0.46799999999999997
fold5,0.512,0.512
average,0.4919777777777778,0.49135
