,acc,uar
fold1,0.48875,0.48875
fold2,0.4975,0.4975
fold3,0.51375,0.51375
fold4,0.5,0.5
fold5,0.49125,0.49125
average,0.49824999999999997,0.49824999999999997
