,acc,uar,epoch,dataset
fold1,0.640117994100295,0.6140132202051678,193,iemocap_msp-improv
fold2,0.6253652834599649,0.5679994177708735,171,iemocap_msp-improv
fold3,0.5896580483736447,0.5447787385936039,183,iemocap_msp-improv
fold4,0.6311813186813187,0.6216701236954485,190,iemocap_msp-improv
fold5,0.5774569683509162,0.5305941071575563,181,iemocap_msp-improv
average,0.6127559225932278,0.5758111214845301,181,iemocap_msp-improv
