,acc,uar,epoch,dataset
fold1,0.6827956989247311,0.6398254290607583,162,msp-improv_crema-d
fold2,0.6340545625587959,0.5940509156711924,159,msp-improv_crema-d
fold3,0.6724367509986684,0.6339655769016685,189,msp-improv_crema-d
fold4,0.6659517426273458,0.64130965239489,176,msp-improv_crema-d
fold5,0.6311111111111111,0.6123514357614787,193,msp-improv_crema-d
average,0.6572699732441304,0.6243006019579976,193,msp-improv_crema-d
