,acc,uar,epoch,dataset
fold1,0.7147477360931436,0.6875591534653455,190,iemocap_crema-d
fold2,0.7003389830508474,0.6742508106695243,163,iemocap_crema-d
fold3,0.6968529222864484,0.6830004951412241,170,iemocap_crema-d
fold4,0.6865267433987813,0.6694918803214174,179,iemocap_crema-d
fold5,0.701067615658363,0.7166085498637034,184,iemocap_crema-d
average,0.6999068000975168,0.6861821778922429,184,iemocap_crema-d
