,acc,uar,epoch,dataset
fold1,0.6575268817204301,0.609072776031976,190,msp-improv_crema-d
fold2,0.6086547507055503,0.5686789062442206,182,msp-improv_crema-d
fold3,0.6631158455392809,0.6117591794653854,195,msp-improv_crema-d
fold4,0.6557640750670242,0.6107912332601936,195,msp-improv_crema-d
fold5,0.6172839506172839,0.5774586781083342,164,msp-improv_crema-d
average,0.6404691007299139,0.595552154622022,164,msp-improv_crema-d
