,acc,uar,epoch,dataset
fold1,0.6276391554702495,0.6790156282191216,155,iemocap
fold2,0.6754716981132075,0.6631946768819763,105,iemocap
fold3,0.6156299840510366,0.5724196218632813,100,iemocap
fold4,0.5955056179775281,0.6086171225539042,138,iemocap
fold5,0.6320109439124487,0.5622937285187792,120,iemocap
average,0.6292514799048942,0.6171081556074125,120,iemocap
