,acc,uar,epoch,dataset
fold1,0.6253687315634219,0.5951441784948055,156,iemocap_msp-improv
fold2,0.6054938632378726,0.5593429892029318,199,iemocap_msp-improv
fold3,0.5713094245204337,0.5188420841974638,163,iemocap_msp-improv
fold4,0.614010989010989,0.5990476007195428,187,iemocap_msp-improv
fold5,0.572459744586341,0.5225881311517632,158,iemocap_msp-improv
average,0.5977285505838117,0.5589929967533014,158,iemocap_msp-improv
