,acc,uar,epoch,dataset
fold1,0.7268292682926829,0.6254360717396448,153,crema-d
fold2,0.6931216931216931,0.6098381445109844,57,crema-d
fold3,0.7483870967741936,0.6622948418375203,94,crema-d
fold4,0.7497348886532343,0.6666921275219387,128,crema-d
fold5,0.762303664921466,0.6857010547657971,152,crema-d
average,0.736075322352654,0.6499924480751771,152,crema-d
