,acc,uar,epoch,dataset
fold1,0.7297560975609756,0.6949603946451456,167,crema-d
fold2,0.7291005291005291,0.6696143357115727,162,crema-d
fold3,0.7516129032258064,0.6703071757910547,190,crema-d
fold4,0.7412513255567338,0.6349505723045537,176,crema-d
fold5,0.7675392670157068,0.6830429105209682,199,crema-d
average,0.7438520244919504,0.6705750777946591,199,crema-d
