,acc,uar,epoch,dataset
fold1,0.6251497005988024,0.5708901420236516,165,msp-improv
fold2,0.5817104149026249,0.5528318014925101,193,msp-improv
fold3,0.5751748251748252,0.5087347152760201,197,msp-improv
fold4,0.5845986984815619,0.5734583598219962,150,msp-improv
fold5,0.5327102803738317,0.48760572532203517,197,msp-improv
average,0.5798687839063292,0.5387041487872427,197,msp-improv
