,acc,uar,epoch,dataset
fold1,0.6833013435700576,0.7098317475234154,196,iemocap
fold2,0.7113207547169811,0.6891913714557694,187,iemocap
fold3,0.6395534290271132,0.6123640145717151,197,iemocap
fold4,0.6217228464419475,0.6178168521559326,121,iemocap
fold5,0.6374829001367989,0.5907326464272404,114,iemocap
average,0.6586762547785796,0.6439873264268148,114,iemocap
