,acc,uar,epoch,dataset
fold1,0.6934023285899095,0.66359567245838,174,iemocap_crema-d
fold2,0.6983050847457627,0.6876055781227087,186,iemocap_crema-d
fold3,0.674373795761079,0.6626854347162966,184,iemocap_crema-d
fold4,0.6858496953283684,0.6422213893493929,183,iemocap_crema-d
fold5,0.6850533807829181,0.6956442111846334,198,iemocap_crema-d
average,0.6873968570416075,0.6703504571662824,198,iemocap_crema-d
