,acc,uar,epoch,dataset
fold1,0.6,0.5245610580210712,161,msp-improv
fold2,0.5334462320067739,0.4779264273945125,174,msp-improv
fold3,0.5541958041958042,0.48846767660995927,165,msp-improv
fold4,0.561822125813449,0.5482252595888959,152,msp-improv
fold5,0.525233644859813,0.46198487307254676,182,msp-improv
average,0.554939561375168,0.5002330589373971,182,msp-improv
