,acc,uar
fold1,0.78125,0.78125
fold2,0.7875,0.7875
fold3,0.78875,0.7887500000000001
fold4,0.7825,0.7825
fold5,0.675,0.675
average,0.7629999999999999,0.7629999999999999
