,acc,uar,epoch,dataset
fold1,0.6907317073170731,0.6412911592340336,199,crema-d
fold2,0.68994708994709,0.6212294456751517,138,crema-d
fold3,0.6989247311827957,0.64685940186003,163,crema-d
fold4,0.71898197242842,0.6143546918073419,159,crema-d
fold5,0.6848167539267016,0.6079201812622004,96,crema-d
average,0.6966804509604161,0.6263309759677516,96,crema-d
