,acc,uar
fold1,0.50375,0.50375
fold2,0.5025,0.5025
fold3,0.52375,0.5237499999999999
fold4,0.51125,0.51125
fold5,0.54125,0.54125
average,0.5165000000000001,0.5165
