,acc,uar
fold1,0.5411111111111111,0.50225
fold2,0.4311111111111111,0.47
fold3,0.505,0.505
fold4,0.559,0.559
fold5,0.484,0.484
average,0.5040444444444445,0.50405
