,acc,uar
fold1,0.885625,0.8838160264105642
fold2,0.843125,0.841217377715268
fold3,0.856875,0.8534227900425084
fold4,0.883125,0.8820206282231599
fold5,0.85125,0.8524746425898233
average,0.8640000000000001,0.8625902929962648
