,acc,uar
fold1,0.7685714285714286,0.7737015434996538
fold2,0.8014285714285714,0.802315492486184
fold3,0.8064285714285714,0.8082498466571253
fold4,0.7721428571428571,0.7722862699719795
fold5,0.725,0.7379406307977736
average,0.7747142857142857,0.7788987566825433
