,acc,uar
fold1,0.8638888888888889,0.8757986287630013
fold2,0.88,0.8646485616394565
fold3,0.861,0.8637749247418112
fold4,0.837,0.8371568371568372
fold5,0.9045,0.9052179339477726
average,0.8692777777777776,0.8693193772497759
