,acc,uar
fold1,0.5444444444444444,0.51475
fold2,0.47555555555555556,0.50325
fold3,0.518,0.518
fold4,0.483,0.483
fold5,0.478,0.478
average,0.4997999999999999,0.49939999999999996
