,acc,uar,epoch,dataset
fold1,0.5580645161290323,0.5542010911262532,120,msp-improv_crema-d
fold1,0.5221556886227545,0.46531081461682916,120,msp-improv
fold1,0.5873170731707317,0.6008043824801392,120,crema-d
