,acc,uar
fold1,0.883125,0.8796041308089501
fold2,0.866875,0.8689734672345746
fold3,0.84875,0.8494212355308883
fold4,0.836875,0.8314972043253126
fold5,0.876875,0.8782011911627042
average,0.8625,0.8615394458124859
