,acc,uar
fold1,0.8938888888888888,0.9012891912106572
fold2,0.8822222222222222,0.8742167474990337
fold3,0.8905,0.8895241324200228
fold4,0.8835,0.8825050807316254
fold5,0.9145,0.9133572219571265
average,0.8929222222222222,0.892178474763693
