,acc,uar
fold1,0.7214285714285714,0.7240968793703952
fold2,0.7507142857142857,0.750826621189721
fold3,0.7464285714285714,0.7455569205569206
fold4,0.7228571428571429,0.7209249084249085
fold5,0.6978571428571428,0.6967815780172449
average,0.7278571428571429,0.727637381511838
