,acc,uar
fold1,0.89,0.89
fold2,0.8625,0.8625
fold3,0.83875,0.83875
fold4,0.84,0.8400000000000001
fold5,0.79375,0.79375
average,0.845,0.8450000000000001
