,acc,uar
fold1,0.7955555555555556,0.8155
fold2,0.78,0.75275
fold3,0.646,0.646
fold4,0.697,0.6970000000000001
fold5,0.756,0.756
average,0.7349111111111112,0.73345
