,acc,rec,epoch,dataset
fold1,0.615568862275449,0.463186406015223,94,msp-improv
