,acc,uar
fold1,0.55375,0.55375
fold2,0.54,0.54
fold3,0.52375,0.52375
fold4,0.5475,0.5475
fold5,0.52125,0.52125
average,0.53725,0.53725
