,acc,uar
fold1,0.84125,0.84125
fold2,0.8025,0.8025
fold3,0.82875,0.82875
fold4,0.83125,0.83125
fold5,0.81875,0.81875
average,0.8244999999999999,0.8244999999999999
