,acc,uar
fold1,0.8725,0.8725
fold2,0.79875,0.79875
fold3,0.84625,0.84625
fold4,0.855,0.855
fold5,0.8325,0.8325
average,0.841,0.841
