,acc,uar
fold1,0.8007142857142857,0.8001310890881443
fold2,0.8064285714285714,0.805769698605157
fold3,0.7885714285714286,0.7875893039395795
fold4,0.7528571428571429,0.752318670193658
fold5,0.7885714285714286,0.7883784941983123
average,0.7874285714285715,0.7868374512049702
