,acc,uar
fold1,0.88,0.8879289847031783
fold2,0.8488888888888889,0.8305479018925878
fold3,0.8545,0.8539716635466168
fold4,0.8505,0.8550570417605177
fold5,0.9015,0.9006615296598133
average,0.867077777777778,0.8656334243125429
