,acc,uar
fold1,0.900625,0.9019230769230769
fold2,0.849375,0.8478837034290372
fold3,0.84125,0.8409050017288343
fold4,0.85,0.8475377840056051
fold5,0.87125,0.8715290528957571
average,0.8625,0.8619557237964621
