,acc,uar
fold1,0.8444444444444444,0.8425
fold2,0.8888888888888888,0.885
fold3,0.88,0.88
fold4,0.87,0.87
fold5,0.88,0.88
average,0.8726666666666667,0.8714999999999999
