,acc,uar
fold1,0.9,0.9
fold2,0.9,0.9
fold3,0.8875,0.8875
fold4,0.875,0.875
fold5,0.9,0.9
average,0.8925000000000001,0.8925000000000001
