,acc,uar
fold1,0.70125,0.7012499999999999
fold2,0.65625,0.65625
fold3,0.64625,0.64625
fold4,0.6725,0.6725
fold5,0.57875,0.57875
average,0.651,0.651
