,acc,uar
fold1,0.53,0.49675
fold2,0.4722222222222222,0.505
fold3,0.526,0.526
fold4,0.497,0.497
fold5,0.506,0.506
average,0.5062444444444445,0.5061500000000001
