,acc,uar
fold1,0.49875,0.49874999999999997
fold2,0.49375,0.49374999999999997
fold3,0.515,0.515
fold4,0.5,0.5
fold5,0.50375,0.50375
average,0.5022500000000001,0.50225
