,acc,uar
fold1,0.49,0.49
fold2,0.5025,0.5025
fold3,0.51125,0.51125
fold4,0.50875,0.50875
fold5,0.49125,0.49125
average,0.50075,0.50075
