,acc,uar
fold1,0.5244444444444445,0.501
fold2,0.4777777777777778,0.498
fold3,0.539,0.5389999999999999
fold4,0.504,0.504
fold5,0.531,0.531
average,0.5152444444444445,0.5146
