,acc,uar
fold1,0.6875,0.6875
fold2,0.625,0.625
fold3,0.675,0.675
fold4,0.75,0.75
fold5,0.6625,0.6625
average,0.6799999999999999,0.6799999999999999
