,acc,uar
fold1,0.7777777777777778,0.7675000000000001
fold2,0.6444444444444445,0.665
fold3,0.56,0.56
fold4,0.63,0.63
fold5,0.73,0.73
average,0.6684444444444445,0.6705
