,acc,uar
fold1,0.555,0.571609070182729
fold2,0.5461111111111111,0.515860383506705
fold3,0.536,0.5317527010804322
fold4,0.4975,0.5019873895283475
fold5,0.5,0.5036029359552506
average,0.5269222222222222,0.5249624960506929
