,acc,uar
fold1,0.5821428571428572,0.5868130371250959
fold2,0.6007142857142858,0.5960125767600495
fold3,0.5821428571428572,0.5796472109685763
fold4,0.6042857142857143,0.6016417051281264
fold5,0.5592857142857143,0.5572417285271766
average,0.5857142857142857,0.5842712517018049
