,acc,uar
fold1,0.626875,0.6294892957182874
fold2,0.59625,0.5987144857943177
fold3,0.621875,0.6175757575757576
fold4,0.564375,0.5601782363977486
fold5,0.609375,0.6055445349540652
average,0.60375,0.6023004620880352
