,acc,uar
fold1,0.8322222222222222,0.8420100907769197
fold2,0.8227777777777778,0.807573527848872
fold3,0.818,0.8170034121228364
fold4,0.819,0.8192252769011077
fold5,0.866,0.8657557918021263
average,0.8315999999999999,0.8303136198903724
