,acc,uar
fold1,0.83125,0.8314958218488866
fold2,0.754375,0.754375
fold3,0.710625,0.7111436950146628
fold4,0.74875,0.7515954559037736
fold5,0.75,0.7485364189066501
average,0.759,0.7594292783347946
