,acc,uar
fold1,0.7535714285714286,0.7301234475269852
fold2,0.7464285714285714,0.7358810674028065
fold3,0.7635714285714286,0.7604275542200156
fold4,0.7314285714285714,0.7330753404526306
fold5,0.7671428571428571,0.75954681389464
average,0.7524285714285714,0.7438108446994155
