,acc,uar
fold1,0.51875,0.51875
fold2,0.46875,0.46875
fold3,0.50625,0.50625
fold4,0.53,0.53
fold5,0.51625,0.51625
average,0.5079999999999999,0.5079999999999999
