,acc,uar
fold1,0.5422222222222223,0.4975
fold2,0.44333333333333336,0.48475
fold3,0.494,0.494
fold4,0.534,0.534
fold5,0.48,0.48
average,0.4987111111111111,0.49805
