,acc,uar
fold1,0.93875,0.9382871536523929
fold2,0.899375,0.8998381209530238
fold3,0.90625,0.9066851671291782
fold4,0.904375,0.9060411863545778
fold5,0.92,0.917775786548569
average,0.91375,0.9137254829275483
