,acc,uar
fold1,0.8007142857142857,0.805722456850755
fold2,0.8,0.8041870208082742
fold3,0.7842857142857143,0.7888528855831308
fold4,0.8464285714285714,0.8412969143679854
fold5,0.84,0.8412382613252114
average,0.8142857142857143,0.8162595077870712
