,acc,uar
fold1,0.8466666666666667,0.8282656187741306
fold2,0.8155555555555556,0.8398793947986478
fold3,0.816,0.8199608610567515
fold4,0.8855,0.8841453169256372
fold5,0.842,0.8449080117922569
average,0.8411444444444444,0.8434318406694847
