,acc,uar,epoch,dataset
fold1,0.7219512195121951,0.6179974904133166,195,crema-d
fold2,0.6941798941798942,0.6335843711830698,197,crema-d
fold3,0.7537634408602151,0.6638721382532214,177,crema-d
fold4,0.7295864262990456,0.64570793546054,168,crema-d
fold5,0.7026178010471205,0.6138277990770277,195,crema-d
average,0.720419756379694,0.6349979468774352,195,crema-d
