,acc,uar,epoch,dataset
fold1,0.6965853658536585,0.5846868244410665,192,crema-d
fold2,0.6783068783068783,0.6083123448312329,183,crema-d
fold3,0.7301075268817204,0.5958134329786299,122,crema-d
fold4,0.7051961823966065,0.5853638925697179,84,crema-d
fold5,0.6764397905759162,0.5848534047930084,177,crema-d
average,0.697327148802956,0.5918059799227311,177,crema-d
