,acc,uar,epoch,dataset
fold1,0.5870206489675516,0.4990123697292265,195,iemocap_msp-improv
fold2,0.5879602571595558,0.504952746531161,197,iemocap_msp-improv
fold3,0.5496246872393661,0.47306432506700224,193,iemocap_msp-improv
fold4,0.5480769230769231,0.4732170904638524,184,iemocap_msp-improv
fold5,0.5374791782343142,0.4425943376118598,181,iemocap_msp-improv
average,0.562032338935542,0.4785681738806204,181,iemocap_msp-improv
