,acc,uar,epoch,dataset
fold1,0.6785252263906857,0.652848403212346,183,iemocap_crema-d
fold2,0.6691525423728814,0.6539288568357156,193,iemocap_crema-d
fold3,0.6814386640976237,0.6437265829215819,187,iemocap_crema-d
fold4,0.6594448205822614,0.6056449290567034,174,iemocap_crema-d
fold5,0.6506524317912218,0.6291309298086746,180,iemocap_crema-d
average,0.6678427370469348,0.6370559403670043,180,iemocap_crema-d
