,acc,uar,epoch,dataset
fold1,0.6103646833013435,0.5547636972940748,181,iemocap
fold2,0.7188679245283018,0.6323815190045556,194,iemocap
fold3,0.6108452950558214,0.5416642582661657,199,iemocap
fold4,0.5561797752808989,0.5245304291281303,193,iemocap
fold5,0.625170998632011,0.5639924826819211,187,iemocap
average,0.6242857353596754,0.5634664772749695,187,iemocap
