,acc,uar,epoch,dataset
fold1,0.6655886157826649,0.6251778137772437,190,iemocap_crema-d
fold2,0.6467796610169492,0.6266601866147784,167,iemocap_crema-d
fold3,0.6640976236351959,0.6360157388455119,171,iemocap_crema-d
fold4,0.6323628977657414,0.5813471105472526,177,iemocap_crema-d
fold5,0.6138790035587188,0.5900553137083,179,iemocap_crema-d
average,0.6445415603518541,0.6118512326986174,179,iemocap_crema-d
