,acc,uar,epoch,dataset
fold1,0.6198924731182796,0.5342839290965841,195,msp-improv_crema-d
fold2,0.5785512699905927,0.5252459018528273,192,msp-improv_crema-d
fold3,0.6191744340878829,0.5329407866128743,193,msp-improv_crema-d
fold4,0.6026809651474531,0.5179937094043169,191,msp-improv_crema-d
fold5,0.5348148148148149,0.4759045370005963,167,msp-improv_crema-d
average,0.5910227914318046,0.5172737727934398,167,msp-improv_crema-d
