,acc,uar,epoch,dataset
fold1,0.5712574850299401,0.41414853047371225,128,msp-improv
fold2,0.5224386113463166,0.4166557838425908,120,msp-improv
fold3,0.5209790209790209,0.4280442443604722,183,msp-improv
fold4,0.5683297180043384,0.47194320830684466,195,msp-improv
fold5,0.4663551401869159,0.3700104490574244,180,msp-improv
average,0.5298719951093064,0.4201604432082089,180,msp-improv
