,acc,uar,epoch,dataset
fold1,0.5796407185628742,0.45083088498488366,176,msp-improv
fold2,0.5554614733276884,0.4347662751260701,171,msp-improv
fold3,0.5227272727272727,0.41871507557896137,187,msp-improv
fold4,0.5466377440347071,0.467546090273363,180,msp-improv
fold5,0.4766355140186916,0.3819462793743952,192,msp-improv
average,0.5362205445342468,0.43076092106753466,192,msp-improv
