,acc,uar,epoch,dataset
fold1,0.6446236559139785,0.5650302349275391,193,msp-improv_crema-d
fold2,0.5846660395108184,0.5283308234451256,147,msp-improv_crema-d
fold3,0.6378162450066578,0.5716512235373297,151,msp-improv_crema-d
fold4,0.6187667560321716,0.553213305036,165,msp-improv_crema-d
fold5,0.5417283950617284,0.49313055140787776,172,msp-improv_crema-d
average,0.605520218305071,0.5422712276707744,172,msp-improv_crema-d
