,acc,uar,epoch,dataset
fold1,0.5877581120943953,0.5298704543084031,198,iemocap_msp-improv
fold2,0.5862068965517241,0.4989979980075716,186,iemocap_msp-improv
fold3,0.5646371976647206,0.49215423937708935,166,iemocap_msp-improv
fold4,0.5728021978021978,0.5131563486246947,198,iemocap_msp-improv
fold5,0.5452526374236535,0.48638519697855803,194,iemocap_msp-improv
average,0.5713314083073382,0.5041128474592634,194,iemocap_msp-improv
