,acc,uar,epoch,dataset
fold1,0.6353166986564299,0.623942853098972,180,iemocap
fold2,0.7056603773584905,0.645986687269832,191,iemocap
fold3,0.5901116427432217,0.5236258737141817,159,iemocap
fold4,0.552434456928839,0.5136969086681731,189,iemocap
fold5,0.6087551299589603,0.552269577858888,196,iemocap
average,0.6184556611291884,0.5719043801220094,196,iemocap
