,acc,uar,epoch,dataset
fold1,0.7190243902439024,0.6539184977910857,180,crema-d
fold2,0.7037037037037037,0.6303419028203342,194,crema-d
fold3,0.7548387096774194,0.6465418826973919,194,crema-d
fold4,0.7253446447507953,0.6214796258834181,179,crema-d
fold5,0.7340314136125654,0.6688280837569006,190,crema-d
average,0.7273885723976773,0.6442219985898261,190,crema-d
