,acc,uar,epoch,dataset
fold1,0.6927554980595084,0.6598050969796105,183,iemocap_crema-d
fold2,0.6888135593220339,0.6850885163117713,190,iemocap_crema-d
fold3,0.6750160565189467,0.6618293776805293,180,iemocap_crema-d
fold4,0.6756939742721734,0.6426563837579337,172,iemocap_crema-d
fold5,0.6856465005931198,0.6749591680484768,183,iemocap_crema-d
average,0.6835851177531564,0.6648677085556642,183,iemocap_crema-d
