,acc,uar,epoch,dataset
fold1,0.6618279569892473,0.5919356010314829,199,msp-improv_crema-d
fold2,0.6147695202257761,0.5664841664251492,190,msp-improv_crema-d
fold3,0.6837549933422103,0.6142794194300699,197,msp-improv_crema-d
fold4,0.6509383378016086,0.5957671410498204,189,msp-improv_crema-d
fold5,0.5767901234567901,0.5317478955597774,182,msp-improv_crema-d
average,0.6376161863631264,0.5800428446992599,182,msp-improv_crema-d
