,acc,uar,epoch,dataset
fold1,0.6,0.4665064042955649,94,msp-improv
fold2,0.5910245554614734,0.49867383148496525,177,msp-improv
fold3,0.5472027972027972,0.47251643737093485,182,msp-improv
fold4,0.6247288503253796,0.5917514303877941,174,msp-improv
fold5,0.5009345794392523,0.4252797806017243,181,msp-improv
average,0.5727781564857806,0.49094557682819673,181,msp-improv
