,acc,uar,epoch,dataset
fold1,0.654510556621881,0.6576691005122945,199,iemocap
fold2,0.720754716981132,0.7057351502576127,183,iemocap
fold3,0.5917065390749602,0.556231870096229,197,iemocap
fold4,0.5767790262172284,0.539938610771944,183,iemocap
fold5,0.6224350205198358,0.6220352587803103,194,iemocap
average,0.6332371718830074,0.6163219980836782,194,iemocap
