,acc,uar,epoch,dataset
fold1,0.6629032258064517,0.6008126205618223,180,msp-improv_crema-d
fold2,0.6095954844778928,0.5752994907921557,174,msp-improv_crema-d
fold3,0.6784287616511319,0.6108576627781275,196,msp-improv_crema-d
fold4,0.6343163538873995,0.5612425268927048,199,msp-improv_crema-d
fold5,0.5945679012345679,0.5619388586256492,188,msp-improv_crema-d
average,0.6359623454114887,0.5820302319300918,188,msp-improv_crema-d
