,acc,uar,epoch,dataset
fold1,0.6305309734513275,0.5755478119630748,175,iemocap_msp-improv
fold2,0.6095850379894798,0.517643610203381,196,iemocap_msp-improv
fold3,0.5571309424520434,0.5041382623860502,192,iemocap_msp-improv
fold4,0.6016483516483516,0.561036747927659,198,iemocap_msp-improv
fold5,0.5613548028872848,0.4818399562602111,173,iemocap_msp-improv
average,0.5920500216856974,0.5280412777480752,173,iemocap_msp-improv
