,acc,uar,epoch,dataset
fold1,0.6985769728331177,0.6724239441872729,187,iemocap_crema-d
fold2,0.6874576271186441,0.6625308434819179,189,iemocap_crema-d
fold3,0.6724470134874759,0.6479249334288176,169,iemocap_crema-d
fold4,0.6750169262017603,0.6460613545784435,194,iemocap_crema-d
fold5,0.6743772241992882,0.6578035239547448,156,iemocap_crema-d
average,0.6815751527680572,0.6573489199262393,156,iemocap_crema-d
