,acc,uar,epoch,dataset
fold1,0.6231563421828908,0.5718313291622061,194,iemocap_msp-improv
fold2,0.6130917592051431,0.545664758966864,187,iemocap_msp-improv
fold3,0.5713094245204337,0.5211760059907757,193,iemocap_msp-improv
fold4,0.5975274725274725,0.5629618743891655,182,iemocap_msp-improv
fold5,0.5596890616324264,0.48079135154538155,188,iemocap_msp-improv
average,0.5929548120136733,0.5364850640108786,188,iemocap_msp-improv
