,acc,uar,epoch,dataset
fold1,0.6035928143712574,0.5219349938451062,152,msp-improv
fold2,0.5647756138865369,0.48358939463700407,186,msp-improv
fold3,0.5384615384615384,0.49767400357010716,177,msp-improv
fold4,0.5813449023861171,0.557591650773469,174,msp-improv
fold5,0.4981308411214953,0.4218644620984807,198,msp-improv
average,0.557261142045389,0.49653090098483343,198,msp-improv
