,acc,uar,epoch,dataset
fold1,0.654510556621881,0.6711214041515647,190,iemocap
fold2,0.6773584905660377,0.6720273426961487,182,iemocap
fold3,0.5709728867623605,0.5057694572000471,124,iemocap
fold4,0.5749063670411985,0.535024548673974,169,iemocap
fold5,0.6142270861833106,0.5509721269144537,198,iemocap
average,0.6183950774349576,0.5869829759272377,198,iemocap
