,acc,uar,epoch,dataset
fold1,0.7317073170731707,0.6278095786136587,163,crema-d
fold2,0.6994708994708995,0.6137969447809587,135,crema-d
fold3,0.7591397849462366,0.6774385005999843,188,crema-d
fold4,0.7264050901378579,0.6343805250745521,170,crema-d
fold5,0.7329842931937173,0.6606852476134119,199,crema-d
average,0.7299414769643764,0.6428221593365132,199,crema-d
