,acc,rec,epoch,dataset
fold1,0.6487523992322457,0.6282039269617022,69,iemocap
fold2,0.7037735849056603,0.7034081367880557,93,iemocap
fold3,0.5917065390749602,0.5352030549222354,89,iemocap
fold4,0.5749063670411985,0.565760739898671,83,iemocap
fold5,0.6224350205198358,0.5728204879823477,95,iemocap
average,0.6283147821547802,0.6010792693106024,95,iemocap
