,acc,rec,epoch,dataset
fold1,0.5952095808383233,0.5212955326967224,83,msp-improv
fold2,0.5681625740897545,0.48342953899151864,75,msp-improv
fold3,0.5576923076923077,0.5103373831036908,97,msp-improv
fold4,0.5672451193058569,0.5471392244119516,90,msp-improv
fold5,0.46074766355140184,0.3711749633067604,45,msp-improv
average,0.5498114490955288,0.48667532850212875,45,msp-improv
