,acc,rec,epoch,dataset
fold1,0.686829268292683,0.5775265293661607,42,crema-d
fold2,0.7227513227513227,0.6568802848737998,81,crema-d
fold3,0.7612903225806451,0.6783785328214903,78,crema-d
fold4,0.7412513255567338,0.6633334031150786,98,crema-d
fold5,0.7549738219895288,0.664983610850032,89,crema-d
average,0.7334192122341827,0.6482204722053122,89,crema-d
