,acc,rec,epoch,dataset
fold1,0.6824062095730918,0.6649990820331024,92,iemocap_crema-d
fold1,0.6161228406909789,0.651599480911104,92,iemocap
fold1,0.7160975609756097,0.6478598516228962,92,crema-d
