,acc,rec,epoch,dataset
fold1,0.686829268292683,0.5775265293661607,42,crema-d
