,acc,uar
fold1,0.5125,0.5125
fold2,0.5,0.5
fold3,0.5,0.5
fold4,0.5,0.5
fold5,0.5,0.5
average,0.5025000000000001,0.5025000000000001
