,acc,uar
fold1,0.6,0.575
fold2,0.4888888888888889,0.52
fold3,0.57,0.57
fold4,0.45,0.45
fold5,0.48,0.48
average,0.5177777777777778,0.519
