,acc,uar
fold1,0.4866666666666667,0.5018750000000001
fold2,0.53,0.5187720627829521
fold3,0.552,0.5563930854387287
fold4,0.544,0.5483747012980775
fold5,0.57,0.5681294411369311
average,0.5365333333333333,0.5387088581313378
