,acc,uar
fold1,0.62875,0.6285107693558398
fold2,0.5625,0.5623961912440488
fold3,0.525,0.5218950015954351
fold4,0.47125,0.46936337258917904
fold5,0.6025,0.6014544863337065
average,0.558,0.5567239642236419
