,acc,uar
fold1,0.5285714285714286,0.5277559416593938
fold2,0.5321428571428571,0.5328263018982016
fold3,0.5828571428571429,0.5830414942162794
fold4,0.5914285714285714,0.5907205382806375
fold5,0.52,0.5238030946477813
average,0.551,0.5516294741404587
