,acc,uar
fold1,0.725,0.7250000000000001
fold2,0.6625,0.6625000000000001
fold3,0.6875,0.6875
fold4,0.6875,0.6875
fold5,0.5875,0.5875
average,0.67,0.67
