,acc,uar
fold1,0.963125,0.9631959548988724
fold2,0.946875,0.9467232647499575
fold3,0.918125,0.9181178408091263
fold4,0.951875,0.9516283876858898
fold5,0.9175,0.9169517068015682
average,0.9395,0.9393234309890829
