,acc,uar
fold1,0.9305555555555556,0.9335693695951874
fold2,0.8866666666666667,0.886136200859462
fold3,0.901,0.9009151082359741
fold4,0.9065,0.9062038774233896
fold5,0.8975,0.8975143975143975
average,0.9044444444444444,0.904867790725682
