,acc,uar
fold1,0.8114285714285714,0.8019608693765997
fold2,0.7664285714285715,0.7580123773176742
fold3,0.7792857142857142,0.7710943949720476
fold4,0.7492857142857143,0.7499673458725182
fold5,0.7664285714285715,0.7563549574419139
average,0.7745714285714286,0.7674779889961508
