,acc,uar,epoch,dataset
fold1,0.6985365748405457,0.6317262649536133,154,crema-d
fold2,0.6994708776473999,0.6540706157684326,198,crema-d
fold3,0.7419354915618896,0.6411930322647095,189,crema-d
fold4,0.7083775401115417,0.6051497459411621,124,crema-d
fold5,0.708900511264801,0.6377067565917969,195,crema-d
average,0.7114441990852356,0.6339692831039428,195,crema-d
