,acc,uar,epoch,dataset
fold1,0.6448900103569031,0.643095850944519,153,iemocap_crema-d
fold2,0.675254225730896,0.6690415740013123,198,iemocap_crema-d
fold3,0.6724470257759094,0.6546384692192078,197,iemocap_crema-d
fold4,0.6547054648399353,0.6259219646453857,161,iemocap_crema-d
fold5,0.6500592827796936,0.6301315426826477,171,iemocap_crema-d
average,0.6594712018966675,0.6445658802986145,171,iemocap_crema-d
