,acc,uar,epoch,dataset
fold1,0.6194690465927124,0.5498316884040833,159,iemocap_msp-improv
fold2,0.5920514464378357,0.5114102363586426,182,iemocap_msp-improv
fold3,0.5779816508293152,0.5066646933555603,190,iemocap_msp-improv
fold4,0.5872252583503723,0.5502420663833618,197,iemocap_msp-improv
fold5,0.5441421270370483,0.4802321195602417,132,iemocap_msp-improv
average,0.5841739058494568,0.5196761608123779,132,iemocap_msp-improv
