,acc,uar,epoch,dataset
fold1,0.60161292552948,0.5141662359237671,125,msp-improv_crema-d
fold2,0.5794920325279236,0.5031140446662903,148,msp-improv_crema-d
fold3,0.6344873309135437,0.5663765668869019,178,msp-improv_crema-d
fold4,0.6193029284477234,0.5738215446472168,199,msp-improv_crema-d
fold5,0.5703703761100769,0.5206630825996399,191,msp-improv_crema-d
average,0.6010531187057495,0.5356282949447632,191,msp-improv_crema-d
