,acc,rec,epoch,dataset
fold1,0.6035928143712574,0.5632111334358525,167,msp-improv
fold2,0.5393734123624048,0.4428214903033691,90,msp-improv
fold3,0.534965034965035,0.46530255518663277,123,msp-improv
fold4,0.561822125813449,0.49763721127357496,108,msp-improv
fold5,0.4953271028037383,0.4240394694825103,116,msp-improv
average,0.547016098063177,0.478602371936388,116,msp-improv
