,acc,uar,epoch,dataset
fold1,0.6890594959259033,0.7038688659667969,194,iemocap
fold2,0.7245283126831055,0.7266440391540527,151,iemocap
fold3,0.5901116132736206,0.5338992476463318,137,iemocap
fold4,0.5692883729934692,0.5505776405334473,125,iemocap
fold5,0.6114910840988159,0.6056599617004395,159,iemocap
average,0.6368957757949829,0.6241299510002136,159,iemocap
