,acc,uar
fold1,0.45875,0.45875
fold2,0.4675,0.4675
fold3,0.50625,0.50625
fold4,0.49375,0.49375
fold5,0.47125,0.47125
average,0.4795,0.4795
