,acc,uar
fold1,0.5566666666666666,0.5015
fold2,0.4444444444444444,0.49975
fold3,0.501,0.501
fold4,0.499,0.499
fold5,0.502,0.502
average,0.5006222222222222,0.50065
