,acc,uar
fold1,0.68,0.6799999999999999
fold2,0.64,0.64
fold3,0.59875,0.59875
fold4,0.6225,0.6225
fold5,0.565,0.5650000000000001
average,0.6212500000000001,0.62125
