,acc,uar
fold1,0.8428571428571429,0.8379354838709678
fold2,0.8057142857142857,0.803902466919506
fold3,0.8278571428571428,0.8216315018135076
fold4,0.8135714285714286,0.8117914665621222
fold5,0.835,0.8303157834110861
average,0.825,0.8211153405154379
