,acc,uar
fold1,0.8588888888888889,0.8688701774225629
fold2,0.8377777777777777,0.8199547862469211
fold3,0.85,0.8505376086017377
fold4,0.841,0.8371220196184992
fold5,0.8915,0.890994158713777
average,0.8558333333333333,0.8534957501206997
