,acc,uar
fold1,0.87125,0.8700230092036815
fold2,0.8,0.7983150992547494
fold3,0.795,0.7954377483433361
fold4,0.849375,0.8451049433858051
fold5,0.7775,0.7775000000000001
average,0.8186249999999999,0.8172761600375145
