,acc,uar
fold1,0.9188888888888889,0.921
fold2,0.8944444444444445,0.89225
fold3,0.857,0.857
fold4,0.863,0.863
fold5,0.896,0.896
average,0.8858666666666668,0.8858500000000001
