,acc,uar
fold1,0.91625,0.91625
fold2,0.83,0.8300000000000001
fold3,0.875,0.875
fold4,0.87875,0.87875
fold5,0.8425,0.8425
average,0.8685,0.8685
