,acc,uar
fold1,0.805,0.8049999999999999
fold2,0.78625,0.78625
fold3,0.83125,0.83125
fold4,0.82875,0.82875
fold5,0.78875,0.7887500000000001
average,0.808,0.808
