,acc,uar
fold1,0.9275,0.9275
fold2,0.875,0.875
fold3,0.8525,0.8525
fold4,0.87,0.87
fold5,0.83375,0.83375
average,0.8717500000000001,0.8717500000000001
