,acc,uar
fold1,0.6977777777777778,0.6845
fold2,0.6322222222222222,0.65325
fold3,0.601,0.601
fold4,0.597,0.597
fold5,0.609,0.609
average,0.6274,0.62895
