,acc,uar
fold1,0.74875,0.74875
fold2,0.7325,0.7325
fold3,0.735,0.735
fold4,0.75375,0.7537499999999999
fold5,0.63,0.63
average,0.72,0.72
