,acc,uar,epoch,dataset
fold1,0.704390243902439,0.6007169847018617,157,crema-d
fold2,0.6994708994708995,0.6315125359338198,156,crema-d
fold3,0.7559139784946236,0.6484900660796407,196,crema-d
fold4,0.7465535524920467,0.6461216638234484,198,crema-d
fold5,0.7518324607329843,0.6794006143823723,171,crema-d
average,0.7316322270185986,0.6412483729842285,171,crema-d
