,acc,uar,epoch,dataset
fold1,0.6095808383233533,0.5177533874658792,177,msp-improv
fold2,0.5207451312447079,0.45124580681934984,175,msp-improv
fold3,0.5576923076923077,0.4976459975180143,154,msp-improv
fold4,0.5770065075921909,0.5648866285229922,170,msp-improv
fold5,0.5093457943925234,0.44948302281911745,195,msp-improv
average,0.5548741158490167,0.49620296862907065,195,msp-improv
