,acc,uar,epoch,dataset
fold1,0.6253687315634219,0.595553642523923,146,iemocap_msp-improv
fold2,0.6130917592051431,0.5556055670788098,175,iemocap_msp-improv
fold3,0.5788156797331109,0.532479544993018,195,iemocap_msp-improv
fold4,0.6126373626373627,0.6090681979220969,188,iemocap_msp-improv
fold5,0.5774569683509162,0.5180036420401474,199,iemocap_msp-improv
average,0.601474100297991,0.562142118911599,199,iemocap_msp-improv
