,acc,uar,epoch,dataset
fold1,0.6727037516170763,0.631889304773076,197,iemocap_crema-d
fold2,0.6786440677966101,0.6613368263184468,186,iemocap_crema-d
fold3,0.6653821451509313,0.6448826312543072,180,iemocap_crema-d
fold4,0.6729857819905213,0.6498180836798582,199,iemocap_crema-d
fold5,0.6844602609727165,0.6642435208865276,180,iemocap_crema-d
average,0.6748352015055711,0.6504340733824432,180,iemocap_crema-d
