,acc,uar,epoch,dataset
fold1,0.6209439528023599,0.5744330274068364,183,iemocap_msp-improv
fold2,0.5780245470485097,0.5222297838969492,198,iemocap_msp-improv
fold3,0.5629691409507923,0.5068911224981406,197,iemocap_msp-improv
fold4,0.6085164835164835,0.5845779152198549,198,iemocap_msp-improv
fold5,0.5613548028872848,0.5127754443823376,178,iemocap_msp-improv
average,0.5863617854410861,0.5401814586808238,178,iemocap_msp-improv
