,acc,uar,epoch,dataset
fold1,0.6914618369987063,0.6748221390114215,156,iemocap_crema-d
fold2,0.6983050847457627,0.679244174616065,173,iemocap_crema-d
fold3,0.6872190109184328,0.6633406849551684,160,iemocap_crema-d
fold4,0.6865267433987813,0.6678942044746934,176,iemocap_crema-d
fold5,0.697508896797153,0.6940844100500217,173,iemocap_crema-d
average,0.6922043145717673,0.675877122621474,173,iemocap_crema-d
