,acc,uar,epoch,dataset
fold1,0.6602687140115163,0.684703199724717,197,iemocap
fold2,0.6716981132075471,0.6522391794997774,189,iemocap
fold3,0.6251993620414673,0.5786296379549647,195,iemocap
fold4,0.6273408239700374,0.6015712203930594,196,iemocap
fold5,0.6511627906976745,0.6289862638500263,184,iemocap
average,0.6471339607856486,0.6292259002845091,184,iemocap
