,acc,uar,epoch,dataset
fold1,0.6323353293413174,0.5390059103707484,194,msp-improv
fold2,0.5436071126164268,0.4657433311782089,151,msp-improv
fold3,0.5262237762237763,0.43825319651314487,86,msp-improv
fold4,0.5704989154013015,0.5451525746980292,140,msp-improv
fold5,0.4869158878504673,0.38969240289134927,77,msp-improv
average,0.5519162042866579,0.47556948313029607,77,msp-improv
