,acc,uar,epoch,dataset
fold1,0.646236559139785,0.5920324249233082,196,msp-improv_crema-d
fold2,0.6048918156161807,0.5499708340605121,190,msp-improv_crema-d
fold3,0.6684420772303595,0.6176874256547114,196,msp-improv_crema-d
fold4,0.6493297587131367,0.5851028204141474,178,msp-improv_crema-d
fold5,0.5925925925925926,0.550209592840555,187,msp-improv_crema-d
average,0.6322985606584108,0.5790006195786468,187,msp-improv_crema-d
