,acc,uar,epoch,dataset
fold1,0.6731182795698925,0.603254195070867,198,msp-improv_crema-d
fold2,0.6128880526810913,0.5636245662699128,173,msp-improv_crema-d
fold3,0.6837549933422103,0.6316143553826339,164,msp-improv_crema-d
fold4,0.6579088471849865,0.6081620020323112,163,msp-improv_crema-d
fold5,0.6133333333333333,0.5797349630726973,169,msp-improv_crema-d
average,0.6482007012223028,0.5972780163656844,169,msp-improv_crema-d
