,acc,uar,epoch,dataset
fold1,0.7375609756097561,0.6607963838552888,198,crema-d
fold2,0.728042328042328,0.6635049132854364,184,crema-d
fold3,0.7612903225806451,0.6807779319512914,193,crema-d
fold4,0.7465535524920467,0.6899557490067202,153,crema-d
fold5,0.7727748691099476,0.7153425678051653,198,crema-d
average,0.7492444095669447,0.6820755091807804,198,crema-d
