,acc,uar,epoch,dataset
fold1,0.6410748560460653,0.6617292506061854,181,iemocap
fold2,0.7075471698113207,0.6860732929458652,116,iemocap
fold3,0.5342902711323764,0.47504798960998185,109,iemocap
fold4,0.5917602996254682,0.5860793580621166,197,iemocap
fold5,0.6224350205198358,0.5440443038161887,196,iemocap
average,0.6194215234270133,0.5905948390080675,196,iemocap
