,acc,uar
fold1,0.97,0.97
fold2,0.92,0.9199999999999999
fold3,0.92375,0.9237500000000001
fold4,0.92875,0.92875
fold5,0.955,0.9550000000000001
average,0.9395,0.9395
