,acc,uar
fold1,0.9844444444444445,0.98525
fold2,0.9644444444444444,0.96475
fold3,0.96,0.96
fold4,0.976,0.976
fold5,0.956,0.956
average,0.9681777777777778,0.9684000000000001
