,acc,uar
fold1,0.9,0.9
fold2,0.785,0.7849999999999999
fold3,0.7975,0.7975
fold4,0.84875,0.84875
fold5,0.84875,0.84875
average,0.836,0.836
