,acc,uar
fold1,0.6766666666666666,0.67225
fold2,0.5588888888888889,0.57275
fold3,0.619,0.619
fold4,0.628,0.628
fold5,0.684,0.684
average,0.6333111111111112,0.6352
