,acc,uar
fold1,0.59625,0.5962500000000001
fold2,0.5775,0.5775
fold3,0.57875,0.57875
fold4,0.585,0.585
fold5,0.56875,0.56875
average,0.58125,0.58125
