,acc,uar
fold1,0.5622222222222222,0.513
fold2,0.45,0.49975
fold3,0.504,0.504
fold4,0.535,0.535
fold5,0.507,0.507
average,0.5116444444444445,0.51175
