,acc,uar
fold1,0.4975,0.4975
fold2,0.505,0.505
fold3,0.4975,0.4975
fold4,0.53,0.53
fold5,0.5025,0.5025
average,0.5065000000000001,0.5065000000000001
