,acc,uar,epoch,dataset
fold1,0.592814371257485,0.5099861400257963,189,msp-improv
fold2,0.5453005927180355,0.4733644120761896,186,msp-improv
fold3,0.5611888111888111,0.5040089356006054,185,msp-improv
fold4,0.5824295010845987,0.5850180122907396,194,msp-improv
fold5,0.5205607476635514,0.4584789746942398,192,msp-improv
average,0.5604588047824963,0.5061712949375141,192,msp-improv
