,acc,uar,epoch,dataset
fold1,0.6083832335329341,0.5112631640225824,94,msp-improv
fold2,0.5563082133784928,0.48035095579622455,134,msp-improv
fold3,0.5769230769230769,0.4956900135520583,97,msp-improv
fold4,0.5835140997830802,0.5658508158508159,164,msp-improv
fold5,0.4794392523364486,0.39382935216224413,105,msp-improv
average,0.5609135751908065,0.489396860276785,105,msp-improv
