,acc,uar,epoch,dataset
fold1,0.7268292682926829,0.6531413576667433,190,crema-d
fold2,0.7164021164021164,0.6442162503086765,193,crema-d
fold3,0.7569892473118279,0.6518695643498034,156,crema-d
fold4,0.7338282078472959,0.6627648308217728,182,crema-d
fold5,0.7581151832460733,0.6825503528447369,162,crema-d
average,0.7384328046199993,0.6589084711983466,162,crema-d
