,acc,uar,epoch,dataset
fold1,0.6778783958602846,0.6831122802436149,190,iemocap_crema-d
fold2,0.6813559322033899,0.6769104444264875,175,iemocap_crema-d
fold3,0.6846499678869621,0.6709774608183772,199,iemocap_crema-d
fold4,0.6628300609343263,0.6320464597088901,179,iemocap_crema-d
fold5,0.6814946619217082,0.6842458591908537,151,iemocap_crema-d
average,0.6776418037613343,0.6694585008776446,151,iemocap_crema-d
