,acc,uar,epoch,dataset
fold1,0.6320058997050148,0.6052171924577212,169,iemocap_msp-improv
fold2,0.6160140268848626,0.5846705122059226,193,iemocap_msp-improv
fold3,0.5788156797331109,0.5326886195962479,166,iemocap_msp-improv
fold4,0.6133241758241759,0.602118268409255,196,iemocap_msp-improv
fold5,0.5813436979455858,0.5329365454886209,185,iemocap_msp-improv
average,0.60430069601855,0.5715262276315535,185,iemocap_msp-improv
