,acc,uar,epoch,dataset
fold1,0.6128318584070797,0.5897523105558282,196,iemocap_msp-improv
fold2,0.6107539450613676,0.5489225398797593,179,iemocap_msp-improv
fold3,0.5754795663052544,0.5209687353829697,187,iemocap_msp-improv
fold4,0.614010989010989,0.5987296249804964,193,iemocap_msp-improv
fold5,0.5680177679067185,0.5259715824800264,176,iemocap_msp-improv
average,0.5962188253382819,0.556868958655816,176,iemocap_msp-improv
