,acc,uar,epoch,dataset
fold1,0.7076326002587322,0.6769553799703585,193,iemocap_crema-d
fold2,0.696271186440678,0.6743542756786088,172,iemocap_crema-d
fold3,0.7032755298651252,0.682982442558098,175,iemocap_crema-d
fold4,0.7095463777928233,0.6903602325734712,182,iemocap_crema-d
fold5,0.7022538552787663,0.7071450579119466,174,iemocap_crema-d
average,0.703795909927225,0.6863594777384966,174,iemocap_crema-d
