,acc,uar,epoch,dataset
fold1,0.6526881720430108,0.6018911948569285,172,msp-improv_crema-d
fold2,0.59689557855127,0.5588444360006357,199,msp-improv_crema-d
fold3,0.6644474034620506,0.6020337441557775,179,msp-improv_crema-d
fold4,0.646112600536193,0.5896883301187411,190,msp-improv_crema-d
fold5,0.614320987654321,0.57653820847155,199,msp-improv_crema-d
average,0.6348929484493692,0.5857991827207265,199,msp-improv_crema-d
