,acc,uar,epoch,dataset
fold1,0.7014634146341463,0.5808458799396821,99,crema-d
fold2,0.7174603174603175,0.6511394315258641,150,crema-d
fold3,0.7634408602150538,0.6656379071235693,184,crema-d
fold4,0.7306468716861082,0.6283787648697754,66,crema-d
fold5,0.762303664921466,0.6751186361919506,137,crema-d
average,0.7350630257834184,0.6402241239301684,137,crema-d
