,acc,uar,epoch,dataset
fold1,0.667741935483871,0.6198352550596626,184,msp-improv_crema-d
fold2,0.6331138287864534,0.5927484460754696,175,msp-improv_crema-d
fold3,0.6797603195739015,0.646815174031814,198,msp-improv_crema-d
fold4,0.6697050938337802,0.6385496088044929,151,msp-improv_crema-d
fold5,0.6345679012345679,0.6065622398900268,181,msp-improv_crema-d
average,0.6569778157825148,0.6209021447722931,181,msp-improv_crema-d
