,acc,uar,epoch,dataset
fold1,0.6679462571976967,0.6952210448069699,199,iemocap
fold2,0.7094339622641509,0.7304538161551335,179,iemocap
fold3,0.6299840510366826,0.5869840224926767,161,iemocap
fold4,0.6067415730337079,0.6128554236312858,194,iemocap
fold5,0.640218878248974,0.6110074803452377,176,iemocap
average,0.6508649443562424,0.6473043574862607,176,iemocap
