,acc,uar,epoch,dataset
fold1,0.6353166986564299,0.6566389183650141,128,iemocap
fold2,0.6924528301886792,0.7129764079865415,195,iemocap
fold3,0.6156299840510366,0.5728779315586098,193,iemocap
fold4,0.5898876404494382,0.5774018286949321,163,iemocap
fold5,0.6060191518467852,0.5470567030282236,91,iemocap
average,0.6278612610384738,0.6133903579266642,91,iemocap
